timestamp,project_name,run_id,experiment_id,duration,emissions,emissions_rate,cpu_power,gpu_power,ram_power,cpu_energy,gpu_energy,ram_energy,energy_consumed,country_name,country_iso_code,region,cloud_provider,cloud_region,os,python_version,codecarbon_version,cpu_count,cpu_model,gpu_count,gpu_model,longitude,latitude,ram_total_size,tracking_mode,on_cloud,pue
2025-10-28T15:27:01,classic_n=100_rep=1_batch,fb963603-dfc5-4ccb-bc93-12a7fd9042bb,5b0fa12a-3dd7-45bb-9766-cc326314d9f1,1.0264747719993466,1.394203359909144e-07,1.358244155570958e-07,0.0,0.0,10.0,0.0,0.0,1.4176224833338186e-06,1.4176224833338186e-06,Brazil,BRA,são paulo,,,Linux-6.8.0-48-generic-x86_64-with-glibc2.39,3.10.15,3.0.7,16,12th Gen Intel(R) Core(TM) i7-1260P,,,-46.5638,-23.6266,15.25125503540039,process,N,1.0
2025-10-28T15:27:06,minheap_n=100_rep=1_batch,eb592f41-8c86-4b7a-8b8f-36d04c6b4cc2,5b0fa12a-3dd7-45bb-9766-cc326314d9f1,1.026718068000264,1.394140974498284e-07,1.3578615376016985e-07,0.0,0.0,10.0,0.0,0.0,1.4175590500043551e-06,1.4175590500043551e-06,Brazil,BRA,são paulo,,,Linux-6.8.0-48-generic-x86_64-with-glibc2.39,3.10.15,3.0.7,16,12th Gen Intel(R) Core(TM) i7-1260P,,,-46.5638,-23.6266,15.25125503540039,process,N,1.0
2025-10-28T15:27:12,networkx_n=100_rep=1_batch,dc644f70-ae62-4337-80a9-fbafe303a5f3,5b0fa12a-3dd7-45bb-9766-cc326314d9f1,1.0275363910004671,1.3895458663511578e-07,1.352308179565512e-07,0.0,0.0,10.0,0.0,0.0,1.4128867555528914e-06,1.4128867555528914e-06,Brazil,BRA,são paulo,,,Linux-6.8.0-48-generic-x86_64-with-glibc2.39,3.10.15,3.0.7,16,12th Gen Intel(R) Core(TM) i7-1260P,,,-46.5638,-23.6266,15.25125503540039,process,N,1.0
2025-10-28T15:27:18,classic_n=100_rep=2_batch,3c4776eb-4a33-457a-8a1c-4bb63b76cd0f,5b0fa12a-3dd7-45bb-9766-cc326314d9f1,1.0229920570000104,1.390102879376549e-07,1.3588598952108333e-07,0.0,0.0,10.0,0.0,0.0,1.4134531250015748e-06,1.4134531250015748e-06,Brazil,BRA,são paulo,,,Linux-6.8.0-48-generic-x86_64-with-glibc2.39,3.10.15,3.0.7,16,12th Gen Intel(R) Core(TM) i7-1260P,,,-46.5638,-23.6266,15.25125503540039,process,N,1.0
2025-10-28T15:27:24,minheap_n=100_rep=2_batch,d6ee5a82-ef0a-41e5-89db-749f06c69b18,5b0fa12a-3dd7-45bb-9766-cc326314d9f1,1.0256253500010644,1.393022812374195e-07,1.358218000727799e-07,0.0,0.0,10.0,0.0,0.0,1.416422105558013e-06,1.416422105558013e-06,Brazil,BRA,são paulo,,,Linux-6.8.0-48-generic-x86_64-with-glibc2.39,3.10.15,3.0.7,16,12th Gen Intel(R) Core(TM) i7-1260P,,,-46.5638,-23.6266,15.25125503540039,process,N,1.0
2025-10-28T15:27:30,networkx_n=100_rep=2_batch,32925d13-72ba-47d4-9d64-73af8443b28d,5b0fa12a-3dd7-45bb-9766-cc326314d9f1,1.021233759000097,1.3841115957064128e-07,1.3553327859643166e-07,0.0,0.0,10.0,0.0,0.0,1.4073612027762768e-06,1.4073612027762768e-06,Brazil,BRA,são paulo,,,Linux-6.8.0-48-generic-x86_64-with-glibc2.39,3.10.15,3.0.7,16,12th Gen Intel(R) Core(TM) i7-1260P,,,-46.5638,-23.6266,15.25125503540039,process,N,1.0
2025-10-28T15:27:35,classic_n=100_rep=3_batch,e1aff717-b674-45f9-9ccb-b032bc4b5067,5b0fa12a-3dd7-45bb-9766-cc326314d9f1,1.0245275039997068,1.389312033054268e-07,1.356051475075544e-07,0.0,0.0,10.0,0.0,0.0,1.412648994442457e-06,1.412648994442457e-06,Brazil,BRA,são paulo,,,Linux-6.8.0-48-generic-x86_64-with-glibc2.39,3.10.15,3.0.7,16,12th Gen Intel(R) Core(TM) i7-1260P,,,-46.5638,-23.6266,15.25125503540039,process,N,1.0
2025-10-28T15:27:41,minheap_n=100_rep=3_batch,10226d5b-f42d-47ed-92cd-7a67f32d19be,5b0fa12a-3dd7-45bb-9766-cc326314d9f1,1.02397884399943,1.3893281238810965e-07,1.3567937775498317e-07,0.0,0.0,10.0,0.0,0.0,1.4126653555548627e-06,1.4126653555548627e-06,Brazil,BRA,são paulo,,,Linux-6.8.0-48-generic-x86_64-with-glibc2.39,3.10.15,3.0.7,16,12th Gen Intel(R) Core(TM) i7-1260P,,,-46.5638,-23.6266,15.25125503540039,process,N,1.0
2025-10-28T15:27:47,networkx_n=100_rep=3_batch,8ce36f4c-6719-4454-bfb6-001b1e37fc0e,5b0fa12a-3dd7-45bb-9766-cc326314d9f1,1.0213537859999633,1.382173427085782e-07,1.353275863889373e-07,0.0,0.0,10.0,0.0,0.0,1.405390477778686e-06,1.405390477778686e-06,Brazil,BRA,são paulo,,,Linux-6.8.0-48-generic-x86_64-with-glibc2.39,3.10.15,3.0.7,16,12th Gen Intel(R) Core(TM) i7-1260P,,,-46.5638,-23.6266,15.25125503540039,process,N,1.0
2025-10-28T15:27:53,classic_n=100_rep=4_batch,93f83a1f-ecde-47d7-9018-7de18f627bc1,5b0fa12a-3dd7-45bb-9766-cc326314d9f1,1.0227930420005578,1.3896049571115294e-07,1.3586374760562476e-07,0.0,0.0,10.0,0.0,0.0,1.412946838889992e-06,1.412946838889992e-06,Brazil,BRA,são paulo,,,Linux-6.8.0-48-generic-x86_64-with-glibc2.39,3.10.15,3.0.7,16,12th Gen Intel(R) Core(TM) i7-1260P,,,-46.5638,-23.6266,15.25125503540039,process,N,1.0
2025-10-28T15:27:59,minheap_n=100_rep=4_batch,c3e0dcd9-38cf-4d2e-9ef3-4c6c4e516ae8,5b0fa12a-3dd7-45bb-9766-cc326314d9f1,1.0253515260010315,1.3964550319082922e-07,1.3619280768563338e-07,0.0,0.0,10.0,0.0,0.0,1.4199119777812385e-06,1.4199119777812385e-06,Brazil,BRA,são paulo,,,Linux-6.8.0-48-generic-x86_64-with-glibc2.39,3.10.15,3.0.7,16,12th Gen Intel(R) Core(TM) i7-1260P,,,-46.5638,-23.6266,15.25125503540039,process,N,1.0
2025-10-28T15:28:06,networkx_n=100_rep=4_batch,838fc580-d0c9-4dae-98c9-912c8cb24b5b,5b0fa12a-3dd7-45bb-9766-cc326314d9f1,1.025406614000531,5.5831666497008795e-09,5.444831907138441e-09,0.0,0.0,10.0,0.0,0.0,1.4179992944466195e-06,1.4179992944466195e-06,Canada,CAN,quebec,,,Linux-6.8.0-48-generic-x86_64-with-glibc2.39,3.10.15,3.0.7,16,12th Gen Intel(R) Core(TM) i7-1260P,,,-71.2,46.8,15.25125503540039,process,N,1.0
2025-10-28T15:28:12,classic_n=100_rep=5_batch,f78b3e26-f980-4ad6-ba6d-27d83666822b,5b0fa12a-3dd7-45bb-9766-cc326314d9f1,1.022788803998992,1.3867689286157782e-07,1.3558702668563285e-07,0.0,0.0,10.0,0.0,0.0,1.4100631722208669e-06,1.4100631722208669e-06,Brazil,BRA,são paulo,,,Linux-6.8.0-48-generic-x86_64-with-glibc2.39,3.10.15,3.0.7,16,12th Gen Intel(R) Core(TM) i7-1260P,,,-46.5638,-23.6266,15.25125503540039,process,N,1.0
2025-10-28T15:28:19,minheap_n=100_rep=5_batch,07093625-7f7b-40a1-b041-139b7680727f,5b0fa12a-3dd7-45bb-9766-cc326314d9f1,1.0231015660010598,1.3888408395956876e-07,1.3574809048765046e-07,0.0,0.0,10.0,0.0,0.0,1.4121698861142957e-06,1.4121698861142957e-06,Brazil,BRA,são paulo,,,Linux-6.8.0-48-generic-x86_64-with-glibc2.39,3.10.15,3.0.7,16,12th Gen Intel(R) Core(TM) i7-1260P,,,-46.5638,-23.6266,15.25125503540039,process,N,1.0
2025-10-28T15:28:25,networkx_n=100_rep=5_batch,cee37c3d-b0af-40d0-884d-1cf7207d3f23,5b0fa12a-3dd7-45bb-9766-cc326314d9f1,1.023564647000967,1.39029609495163e-07,1.358288505787282e-07,0.0,0.0,10.0,0.0,0.0,1.413649586114237e-06,1.413649586114237e-06,Brazil,BRA,são paulo,,,Linux-6.8.0-48-generic-x86_64-with-glibc2.39,3.10.15,3.0.7,16,12th Gen Intel(R) Core(TM) i7-1260P,,,-46.5638,-23.6266,15.25125503540039,process,N,1.0
2025-10-28T15:28:31,classic_n=100_rep=6_batch,341cc674-4a4f-49a0-ad66-b130df38a1ba,5b0fa12a-3dd7-45bb-9766-cc326314d9f1,1.0238714379993326,1.390748916456679e-07,1.3583237746862374e-07,0.0,0.0,10.0,0.0,0.0,1.4141100138860769e-06,1.4141100138860769e-06,Brazil,BRA,são paulo,,,Linux-6.8.0-48-generic-x86_64-with-glibc2.39,3.10.15,3.0.7,16,12th Gen Intel(R) Core(TM) i7-1260P,,,-46.5638,-23.6266,15.25125503540039,process,N,1.0
2025-10-28T15:28:37,minheap_n=100_rep=6_batch,ac79270d-0f0c-4bea-b9e0-51415a7946eb,5b0fa12a-3dd7-45bb-9766-cc326314d9f1,1.0267151939988253,1.39813740011099e-07,1.361757776921133e-07,0.0,0.0,10.0,0.0,0.0,1.4216226055547543e-06,1.4216226055547543e-06,Brazil,BRA,são paulo,,,Linux-6.8.0-48-generic-x86_64-with-glibc2.39,3.10.15,3.0.7,16,12th Gen Intel(R) Core(TM) i7-1260P,,,-46.5638,-23.6266,15.25125503540039,process,N,1.0
2025-10-28T15:28:43,networkx_n=100_rep=6_batch,a178f5e9-b306-4192-845b-2e17f9aa5742,5b0fa12a-3dd7-45bb-9766-cc326314d9f1,1.027860722000696,1.3873734409916102e-07,1.349767931876154e-07,0.0,0.0,10.0,0.0,0.0,1.4106778388900745e-06,1.4106778388900745e-06,Brazil,BRA,são paulo,,,Linux-6.8.0-48-generic-x86_64-with-glibc2.39,3.10.15,3.0.7,16,12th Gen Intel(R) Core(TM) i7-1260P,,,-46.5638,-23.6266,15.25125503540039,process,N,1.0
2025-10-28T15:28:49,classic_n=100_rep=7_batch,d55fba2a-237c-4077-b3ac-b77a49369866,5b0fa12a-3dd7-45bb-9766-cc326314d9f1,1.0230597429999762,1.3882492927640618e-07,1.3569581857392017e-07,0.0,0.0,10.0,0.0,0.0,1.4115684027779533e-06,1.4115684027779533e-06,Brazil,BRA,são paulo,,,Linux-6.8.0-48-generic-x86_64-with-glibc2.39,3.10.15,3.0.7,16,12th Gen Intel(R) Core(TM) i7-1260P,,,-46.5638,-23.6266,15.25125503540039,process,N,1.0
2025-10-28T15:28:55,minheap_n=100_rep=7_batch,df637b6b-9cd0-4549-b23f-02137887b561,5b0fa12a-3dd7-45bb-9766-cc326314d9f1,1.02695292899989,1.3991228607355792e-07,1.3624021327814229e-07,0.0,0.0,10.0,0.0,0.0,1.4226246194488743e-06,1.4226246194488743e-06,Brazil,BRA,são paulo,,,Linux-6.8.0-48-generic-x86_64-with-glibc2.39,3.10.15,3.0.7,16,12th Gen Intel(R) Core(TM) i7-1260P,,,-46.5638,-23.6266,15.25125503540039,process,N,1.0
2025-10-28T15:29:02,networkx_n=100_rep=7_batch,979724f9-b756-4dc2-8fa2-1dc1b970f33c,5b0fa12a-3dd7-45bb-9766-cc326314d9f1,1.0244958469993437,1.3897991534280768e-07,1.3565688504240148e-07,0.0,0.0,10.0,0.0,0.0,1.41314429721812e-06,1.41314429721812e-06,Brazil,BRA,são paulo,,,Linux-6.8.0-48-generic-x86_64-with-glibc2.39,3.10.15,3.0.7,16,12th Gen Intel(R) Core(TM) i7-1260P,,,-46.5638,-23.6266,15.25125503540039,process,N,1.0
2025-10-28T15:29:07,classic_n=100_rep=8_batch,25014318-eeb4-473b-8bb8-b4daa6f687e9,5b0fa12a-3dd7-45bb-9766-cc326314d9f1,1.0232487650009716,1.3933313300473425e-07,1.3616740891409914e-07,0.0,0.0,10.0,0.0,0.0,1.4167358055551129e-06,1.4167358055551129e-06,Brazil,BRA,são paulo,,,Linux-6.8.0-48-generic-x86_64-with-glibc2.39,3.10.15,3.0.7,16,12th Gen Intel(R) Core(TM) i7-1260P,,,-46.5638,-23.6266,15.25125503540039,process,N,1.0
2025-10-28T15:29:13,minheap_n=100_rep=8_batch,b2df5dbc-9a87-4a03-9bd8-eafe296cbe9a,5b0fa12a-3dd7-45bb-9766-cc326314d9f1,1.0246767700009514,1.3890328804535768e-07,1.3555815073784557e-07,0.0,0.0,10.0,0.0,0.0,1.4123651527774604e-06,1.4123651527774604e-06,Brazil,BRA,são paulo,,,Linux-6.8.0-48-generic-x86_64-with-glibc2.39,3.10.15,3.0.7,16,12th Gen Intel(R) Core(TM) i7-1260P,,,-46.5638,-23.6266,15.25125503540039,process,N,1.0
2025-10-28T15:29:19,networkx_n=100_rep=8_batch,48889289-4d24-4a8f-99dd-a9266bc59af6,5b0fa12a-3dd7-45bb-9766-cc326314d9f1,1.0211633590006386,1.3819856288474664e-07,1.3533443172108589e-07,0.0,0.0,10.0,0.0,0.0,1.4051995250004743e-06,1.4051995250004743e-06,Brazil,BRA,são paulo,,,Linux-6.8.0-48-generic-x86_64-with-glibc2.39,3.10.15,3.0.7,16,12th Gen Intel(R) Core(TM) i7-1260P,,,-46.5638,-23.6266,15.25125503540039,process,N,1.0
2025-10-28T15:29:25,classic_n=100_rep=9_batch,aa298972-3902-488c-9771-24df58f504c3,5b0fa12a-3dd7-45bb-9766-cc326314d9f1,1.0236832070004311,1.3924784206761648e-07,1.3602630297671558e-07,0.0,0.0,10.0,0.0,0.0,1.4158685694433691e-06,1.4158685694433691e-06,Brazil,BRA,são paulo,,,Linux-6.8.0-48-generic-x86_64-with-glibc2.39,3.10.15,3.0.7,16,12th Gen Intel(R) Core(TM) i7-1260P,,,-46.5638,-23.6266,15.25125503540039,process,N,1.0
2025-10-28T15:29:31,minheap_n=100_rep=9_batch,43a633f7-5ded-47b8-b8c2-0af329145f1e,5b0fa12a-3dd7-45bb-9766-cc326314d9f1,1.0243268639987946,1.3957699697844592e-07,1.362621658027805e-07,0.0,0.0,10.0,0.0,0.0,1.419215408330072e-06,1.419215408330072e-06,Brazil,BRA,são paulo,,,Linux-6.8.0-48-generic-x86_64-with-glibc2.39,3.10.15,3.0.7,16,12th Gen Intel(R) Core(TM) i7-1260P,,,-46.5638,-23.6266,15.25125503540039,process,N,1.0
2025-10-28T15:29:37,networkx_n=100_rep=9_batch,e4a0b725-fb9a-4e46-97ef-f60a1d214fe4,5b0fa12a-3dd7-45bb-9766-cc326314d9f1,1.0238048200008052,1.3874929556650022e-07,1.3552319041278892e-07,0.0,0.0,10.0,0.0,0.0,1.4107993611105484e-06,1.4107993611105484e-06,Brazil,BRA,são paulo,,,Linux-6.8.0-48-generic-x86_64-with-glibc2.39,3.10.15,3.0.7,16,12th Gen Intel(R) Core(TM) i7-1260P,,,-46.5638,-23.6266,15.25125503540039,process,N,1.0
2025-10-28T15:29:42,classic_n=100_rep=10_batch,79ccda77-3e99-46a8-b7ff-554e5b54853e,5b0fa12a-3dd7-45bb-9766-cc326314d9f1,1.0331677829999537,1.3940228448866068e-07,1.3492705326513937e-07,0.0,0.0,10.0,0.0,0.0,1.417438936111163e-06,1.417438936111163e-06,Brazil,BRA,são paulo,,,Linux-6.8.0-48-generic-x86_64-with-glibc2.39,3.10.15,3.0.7,16,12th Gen Intel(R) Core(TM) i7-1260P,,,-46.5638,-23.6266,15.25125503540039,process,N,1.0
2025-10-28T15:29:48,minheap_n=100_rep=10_batch,1d30b33c-9b55-4d36-85bd-cf5d482096aa,5b0fa12a-3dd7-45bb-9766-cc326314d9f1,1.028453606999392,1.401993483136001e-07,1.3632053731878546e-07,0.0,0.0,10.0,0.0,0.0,1.4255434611135974e-06,1.4255434611135974e-06,Brazil,BRA,são paulo,,,Linux-6.8.0-48-generic-x86_64-with-glibc2.39,3.10.15,3.0.7,16,12th Gen Intel(R) Core(TM) i7-1260P,,,-46.5638,-23.6266,15.25125503540039,process,N,1.0
2025-10-28T15:29:54,networkx_n=100_rep=10_batch,4c8000ec-f40d-4f5b-ba50-1e8e0d45729f,5b0fa12a-3dd7-45bb-9766-cc326314d9f1,1.0231748019996303,1.3892461371623132e-07,1.3577798577987413e-07,0.0,0.0,10.0,0.0,0.0,1.4125819916646126e-06,1.4125819916646126e-06,Brazil,BRA,são paulo,,,Linux-6.8.0-48-generic-x86_64-with-glibc2.39,3.10.15,3.0.7,16,12th Gen Intel(R) Core(TM) i7-1260P,,,-46.5638,-23.6266,15.25125503540039,process,N,1.0
2025-10-28T15:29:59,classic_n=100_rep=11_batch,0bdf9b43-8278-43c4-81fc-f3acf6cce59d,5b0fa12a-3dd7-45bb-9766-cc326314d9f1,1.0249022520001745,1.392814402032303e-07,1.3589729160162544e-07,0.0,0.0,10.0,0.0,0.0,1.4162101944445263e-06,1.4162101944445263e-06,Brazil,BRA,são paulo,,,Linux-6.8.0-48-generic-x86_64-with-glibc2.39,3.10.15,3.0.7,16,12th Gen Intel(R) Core(TM) i7-1260P,,,-46.5638,-23.6266,15.25125503540039,process,N,1.0
2025-10-28T15:30:05,minheap_n=100_rep=11_batch,10ed6ea4-0782-4847-8eb2-eb018aa54d9e,5b0fa12a-3dd7-45bb-9766-cc326314d9f1,1.0268835990009393,1.396711750236154e-07,1.3601461271706184e-07,0.0,0.0,10.0,0.0,0.0,1.4201730083338287e-06,1.4201730083338287e-06,Brazil,BRA,são paulo,,,Linux-6.8.0-48-generic-x86_64-with-glibc2.39,3.10.15,3.0.7,16,12th Gen Intel(R) Core(TM) i7-1260P,,,-46.5638,-23.6266,15.25125503540039,process,N,1.0
2025-10-28T15:30:11,networkx_n=100_rep=11_batch,a3822b90-669f-4dcd-9ef9-4f740c571a01,5b0fa12a-3dd7-45bb-9766-cc326314d9f1,1.022039675999622,1.385026314062264e-07,1.3551590477225037e-07,0.0,0.0,10.0,0.0,0.0,1.408291286108781e-06,1.408291286108781e-06,Brazil,BRA,são paulo,,,Linux-6.8.0-48-generic-x86_64-with-glibc2.39,3.10.15,3.0.7,16,12th Gen Intel(R) Core(TM) i7-1260P,,,-46.5638,-23.6266,15.25125503540039,process,N,1.0
2025-10-28T15:30:17,classic_n=100_rep=12_batch,d485a2d8-067a-464c-9298-1c24874f6c4c,5b0fa12a-3dd7-45bb-9766-cc326314d9f1,1.0247749289992498,1.3915032565474446e-07,1.357862314124259e-07,0.0,0.0,10.0,0.0,0.0,1.414877025000452e-06,1.414877025000452e-06,Brazil,BRA,são paulo,,,Linux-6.8.0-48-generic-x86_64-with-glibc2.39,3.10.15,3.0.7,16,12th Gen Intel(R) Core(TM) i7-1260P,,,-46.5638,-23.6266,15.25125503540039,process,N,1.0
2025-10-28T15:30:22,minheap_n=100_rep=12_batch,d837b5c5-d18b-460f-a17b-e1582ee0d42b,5b0fa12a-3dd7-45bb-9766-cc326314d9f1,1.0226665690006485,1.390788394986657e-07,1.3599627064623208e-07,0.0,0.0,10.0,0.0,0.0,1.4141501555564497e-06,1.4141501555564497e-06,Brazil,BRA,são paulo,,,Linux-6.8.0-48-generic-x86_64-with-glibc2.39,3.10.15,3.0.7,16,12th Gen Intel(R) Core(TM) i7-1260P,,,-46.5638,-23.6266,15.25125503540039,process,N,1.0
2025-10-28T15:30:28,networkx_n=100_rep=12_batch,d0aed9fb-9b86-4595-8df0-0c2b5318af0a,5b0fa12a-3dd7-45bb-9766-cc326314d9f1,1.0273359830007394,1.39608217278271e-07,1.3589343660531606e-07,0.0,0.0,10.0,0.0,0.0,1.4195328555565034e-06,1.4195328555565034e-06,Brazil,BRA,são paulo,,,Linux-6.8.0-48-generic-x86_64-with-glibc2.39,3.10.15,3.0.7,16,12th Gen Intel(R) Core(TM) i7-1260P,,,-46.5638,-23.6266,15.25125503540039,process,N,1.0
2025-10-28T15:30:34,classic_n=100_rep=13_batch,36c697f1-b5e8-490b-be05-80e271d33f3c,5b0fa12a-3dd7-45bb-9766-cc326314d9f1,1.0276805150006112,1.4000158660346094e-07,1.362306519973065e-07,0.0,0.0,10.0,0.0,0.0,1.4235326249996028e-06,1.4235326249996028e-06,Brazil,BRA,são paulo,,,Linux-6.8.0-48-generic-x86_64-with-glibc2.39,3.10.15,3.0.7,16,12th Gen Intel(R) Core(TM) i7-1260P,,,-46.5638,-23.6266,15.25125503540039,process,N,1.0
2025-10-28T15:30:40,minheap_n=100_rep=13_batch,fd7a537d-cb54-4da7-be3d-2121267cd801,5b0fa12a-3dd7-45bb-9766-cc326314d9f1,1.0248351549998915,1.3904639749812938e-07,1.35676842094809e-07,0.0,0.0,10.0,0.0,0.0,1.4138202861077945e-06,1.4138202861077945e-06,Brazil,BRA,são paulo,,,Linux-6.8.0-48-generic-x86_64-with-glibc2.39,3.10.15,3.0.7,16,12th Gen Intel(R) Core(TM) i7-1260P,,,-46.5638,-23.6266,15.25125503540039,process,N,1.0
2025-10-28T15:30:46,networkx_n=100_rep=13_batch,fcc55a11-f4d8-47c1-bb27-8576fe4596a4,5b0fa12a-3dd7-45bb-9766-cc326314d9f1,1.0221697959987068,1.3879559370704352e-07,1.3578526214564368e-07,0.0,0.0,10.0,0.0,0.0,1.4112701194436442e-06,1.4112701194436442e-06,Brazil,BRA,são paulo,,,Linux-6.8.0-48-generic-x86_64-with-glibc2.39,3.10.15,3.0.7,16,12th Gen Intel(R) Core(TM) i7-1260P,,,-46.5638,-23.6266,15.25125503540039,process,N,1.0
2025-10-28T15:30:51,classic_n=100_rep=14_batch,fedaea07-50b0-4ccf-b624-37d261c43219,5b0fa12a-3dd7-45bb-9766-cc326314d9f1,1.0251636930006498,1.3972207175291658e-07,1.3629245037341369e-07,0.0,0.0,10.0,0.0,0.0,1.420690525002202e-06,1.420690525002202e-06,Brazil,BRA,são paulo,,,Linux-6.8.0-48-generic-x86_64-with-glibc2.39,3.10.15,3.0.7,16,12th Gen Intel(R) Core(TM) i7-1260P,,,-46.5638,-23.6266,15.25125503540039,process,N,1.0
2025-10-28T15:30:57,minheap_n=100_rep=14_batch,860ef7e2-23ab-4439-ab85-949d1d325630,5b0fa12a-3dd7-45bb-9766-cc326314d9f1,1.025089250000747,1.392225204630091e-07,1.358150233873857e-07,0.0,0.0,10.0,0.0,0.0,1.4156111000021255e-06,1.4156111000021255e-06,Brazil,BRA,são paulo,,,Linux-6.8.0-48-generic-x86_64-with-glibc2.39,3.10.15,3.0.7,16,12th Gen Intel(R) Core(TM) i7-1260P,,,-46.5638,-23.6266,15.25125503540039,process,N,1.0
2025-10-28T15:31:03,networkx_n=100_rep=14_batch,e9d46e63-491b-45e7-b530-9bac08f8f9d3,5b0fa12a-3dd7-45bb-9766-cc326314d9f1,1.0234416210005293,1.3893386908298622e-07,1.357516308034871e-07,0.0,0.0,10.0,0.0,0.0,1.4126761000018935e-06,1.4126761000018935e-06,Brazil,BRA,são paulo,,,Linux-6.8.0-48-generic-x86_64-with-glibc2.39,3.10.15,3.0.7,16,12th Gen Intel(R) Core(TM) i7-1260P,,,-46.5638,-23.6266,15.25125503540039,process,N,1.0
2025-10-28T15:31:09,classic_n=100_rep=15_batch,f0ce471a-62cc-4207-a3ec-e35d4ce836a3,5b0fa12a-3dd7-45bb-9766-cc326314d9f1,1.0226489920005406,1.38826320354425e-07,1.3575168160372238e-07,0.0,0.0,10.0,0.0,0.0,1.4115825472243969e-06,1.4115825472243969e-06,Brazil,BRA,são paulo,,,Linux-6.8.0-48-generic-x86_64-with-glibc2.39,3.10.15,3.0.7,16,12th Gen Intel(R) Core(TM) i7-1260P,,,-46.5638,-23.6266,15.25125503540039,process,N,1.0
2025-10-28T15:31:15,minheap_n=100_rep=15_batch,2950c017-0133-4ee0-a2f6-bb2c7c9b4c3f,5b0fa12a-3dd7-45bb-9766-cc326314d9f1,1.0228726429995731,1.3894623443146326e-07,1.3583923216873174e-07,0.0,0.0,10.0,0.0,0.0,1.412801830555408e-06,1.412801830555408e-06,Brazil,BRA,são paulo,,,Linux-6.8.0-48-generic-x86_64-with-glibc2.39,3.10.15,3.0.7,16,12th Gen Intel(R) Core(TM) i7-1260P,,,-46.5638,-23.6266,15.25125503540039,process,N,1.0
2025-10-28T15:31:20,networkx_n=100_rep=15_batch,67e4698b-24a5-4a50-9927-e088a5ad31e0,5b0fa12a-3dd7-45bb-9766-cc326314d9f1,1.021839107001142,1.389233045955032e-07,1.359541865677959e-07,0.0,0.0,10.0,0.0,0.0,1.4125686805578476e-06,1.4125686805578476e-06,Brazil,BRA,são paulo,,,Linux-6.8.0-48-generic-x86_64-with-glibc2.39,3.10.15,3.0.7,16,12th Gen Intel(R) Core(TM) i7-1260P,,,-46.5638,-23.6266,15.25125503540039,process,N,1.0
2025-10-28T15:31:26,classic_n=500_rep=1_batch,9a9bf95a-2833-4d99-9791-4a431ce176eb,5b0fa12a-3dd7-45bb-9766-cc326314d9f1,1.090484591999484,1.5880613480659597e-07,1.4562895796208656e-07,0.0,0.0,10.0,0.0,0.0,1.6147368000019925e-06,1.6147368000019925e-06,Brazil,BRA,são paulo,,,Linux-6.8.0-48-generic-x86_64-with-glibc2.39,3.10.15,3.0.7,16,12th Gen Intel(R) Core(TM) i7-1260P,,,-46.5638,-23.6266,15.25125503540039,process,N,1.0
2025-10-28T15:31:32,minheap_n=500_rep=1_batch,81366cb6-f6f0-48da-9f6f-5bcd9e51b263,5b0fa12a-3dd7-45bb-9766-cc326314d9f1,1.0519730220003112,1.475702145608203e-07,1.4027946674926862e-07,0.0,0.0,10.0,0.0,0.0,1.5004902444464582e-06,1.5004902444464582e-06,Brazil,BRA,são paulo,,,Linux-6.8.0-48-generic-x86_64-with-glibc2.39,3.10.15,3.0.7,16,12th Gen Intel(R) Core(TM) i7-1260P,,,-46.5638,-23.6266,15.25125503540039,process,N,1.0
2025-10-28T15:31:38,networkx_n=500_rep=1_batch,80a198e7-a42e-4113-9917-53d980c0d6fd,5b0fa12a-3dd7-45bb-9766-cc326314d9f1,1.0361579829987022,1.4275836081437868e-07,1.3777663556789626e-07,0.0,0.0,10.0,0.0,0.0,1.4515634361082954e-06,1.4515634361082954e-06,Brazil,BRA,são paulo,,,Linux-6.8.0-48-generic-x86_64-with-glibc2.39,3.10.15,3.0.7,16,12th Gen Intel(R) Core(TM) i7-1260P,,,-46.5638,-23.6266,15.25125503540039,process,N,1.0
2025-10-28T15:31:44,classic_n=500_rep=2_batch,54c08442-20c3-4443-81e4-8e696ec2f9a2,5b0fa12a-3dd7-45bb-9766-cc326314d9f1,1.0941720850005368,1.599140747468746e-07,1.4615075355975304e-07,0.0,0.0,10.0,0.0,0.0,1.62600230555654e-06,1.62600230555654e-06,Brazil,BRA,são paulo,,,Linux-6.8.0-48-generic-x86_64-with-glibc2.39,3.10.15,3.0.7,16,12th Gen Intel(R) Core(TM) i7-1260P,,,-46.5638,-23.6266,15.25125503540039,process,N,1.0
2025-10-28T15:31:50,minheap_n=500_rep=2_batch,7a39037c-a823-445a-8552-e49775f92dd4,5b0fa12a-3dd7-45bb-9766-cc326314d9f1,1.0527094680001028,1.4869792990405738e-07,1.412525814805751e-07,0.08,0.0,10.0,1.2248667466701592e-08,0.0,1.499708158336135e-06,1.5119568258028363e-06,Brazil,BRA,são paulo,,,Linux-6.8.0-48-generic-x86_64-with-glibc2.39,3.10.15,3.0.7,16,12th Gen Intel(R) Core(TM) i7-1260P,,,-46.5638,-23.6266,15.25125503540039,process,N,1.0
2025-10-28T15:31:56,networkx_n=500_rep=2_batch,ceeb363c-c87a-4496-b4af-e311f41d9179,5b0fa12a-3dd7-45bb-9766-cc326314d9f1,1.0362125560004642,1.4281643749440516e-07,1.3782542651832253e-07,0.0,0.0,10.0,0.0,0.0,1.4521539583357582e-06,1.4521539583357582e-06,Brazil,BRA,são paulo,,,Linux-6.8.0-48-generic-x86_64-with-glibc2.39,3.10.15,3.0.7,16,12th Gen Intel(R) Core(TM) i7-1260P,,,-46.5638,-23.6266,15.25125503540039,process,N,1.0
2025-10-28T15:32:02,classic_n=500_rep=3_batch,fe4114b7-6a5c-4c44-8c66-7f08dcb254bb,5b0fa12a-3dd7-45bb-9766-cc326314d9f1,1.0997529449996364,1.614133962901376e-07,1.4677241559029513e-07,0.0,0.0,10.0,0.0,0.0,1.6412473694446009e-06,1.6412473694446009e-06,Brazil,BRA,são paulo,,,Linux-6.8.0-48-generic-x86_64-with-glibc2.39,3.10.15,3.0.7,16,12th Gen Intel(R) Core(TM) i7-1260P,,,-46.5638,-23.6266,15.25125503540039,process,N,1.0
2025-10-28T15:32:08,minheap_n=500_rep=3_batch,866d4d16-cd49-4b70-8f53-7958a4d1e70d,5b0fa12a-3dd7-45bb-9766-cc326314d9f1,1.0496032249993732,1.468953680683087e-07,1.3995323620351533e-07,0.0,0.0,10.0,0.0,0.0,1.4936284222181306e-06,1.4936284222181306e-06,Brazil,BRA,são paulo,,,Linux-6.8.0-48-generic-x86_64-with-glibc2.39,3.10.15,3.0.7,16,12th Gen Intel(R) Core(TM) i7-1260P,,,-46.5638,-23.6266,15.25125503540039,process,N,1.0
2025-10-28T15:32:13,networkx_n=500_rep=3_batch,d5e439e7-544f-43d4-869b-d07f06d9a568,5b0fa12a-3dd7-45bb-9766-cc326314d9f1,1.0366273580002598,1.4295630146321114e-07,1.379051983916243e-07,0.0,0.0,10.0,0.0,0.0,1.453576091666441e-06,1.453576091666441e-06,Brazil,BRA,são paulo,,,Linux-6.8.0-48-generic-x86_64-with-glibc2.39,3.10.15,3.0.7,16,12th Gen Intel(R) Core(TM) i7-1260P,,,-46.5638,-23.6266,15.25125503540039,process,N,1.0
2025-10-28T15:32:19,classic_n=500_rep=4_batch,451ec812-401b-480e-a64d-f2270fa4ec31,5b0fa12a-3dd7-45bb-9766-cc326314d9f1,1.0929118510011904,1.5930425294759217e-07,1.4576130069562094e-07,0.0,0.0,10.0,0.0,0.0,1.6198016527798446e-06,1.6198016527798446e-06,Brazil,BRA,são paulo,,,Linux-6.8.0-48-generic-x86_64-with-glibc2.39,3.10.15,3.0.7,16,12th Gen Intel(R) Core(TM) i7-1260P,,,-46.5638,-23.6266,15.25125503540039,process,N,1.0
2025-10-28T15:32:25,minheap_n=500_rep=4_batch,d0db8689-9d8f-4f5f-98f7-e320b47288ef,5b0fa12a-3dd7-45bb-9766-cc326314d9f1,1.0517015770001308,1.4755034744528012e-07,1.4029678253992178e-07,0.0,0.0,10.0,0.0,0.0,1.5002882361133944e-06,1.5002882361133944e-06,Brazil,BRA,são paulo,,,Linux-6.8.0-48-generic-x86_64-with-glibc2.39,3.10.15,3.0.7,16,12th Gen Intel(R) Core(TM) i7-1260P,,,-46.5638,-23.6266,15.25125503540039,process,N,1.0
2025-10-28T15:32:30,networkx_n=500_rep=4_batch,eaaec89e-6067-45a9-8d65-abf556597df6,5b0fa12a-3dd7-45bb-9766-cc326314d9f1,1.0332205239992618,1.423459707125722e-07,1.3776920551442113e-07,0.0,0.0,10.0,0.0,0.0,1.4473702638851036e-06,1.4473702638851036e-06,Brazil,BRA,são paulo,,,Linux-6.8.0-48-generic-x86_64-with-glibc2.39,3.10.15,3.0.7,16,12th Gen Intel(R) Core(TM) i7-1260P,,,-46.5638,-23.6266,15.25125503540039,process,N,1.0
2025-10-28T15:32:36,classic_n=500_rep=5_batch,007bc700-4dbe-4a08-97aa-4c0156e2d0c8,5b0fa12a-3dd7-45bb-9766-cc326314d9f1,1.091467411000849,1.5900401535351464e-07,1.456791231244475e-07,0.0,0.0,10.0,0.0,0.0,1.616748844445384e-06,1.616748844445384e-06,Brazil,BRA,são paulo,,,Linux-6.8.0-48-generic-x86_64-with-glibc2.39,3.10.15,3.0.7,16,12th Gen Intel(R) Core(TM) i7-1260P,,,-46.5638,-23.6266,15.25125503540039,process,N,1.0
2025-10-28T15:32:43,minheap_n=500_rep=5_batch,731041ce-a130-49ba-83bd-64f026cfbe8b,5b0fa12a-3dd7-45bb-9766-cc326314d9f1,1.0494494020003913,5.888945173759141e-09,5.6114617460680074e-09,0.0,0.0,10.0,0.0,0.0,1.495660191671454e-06,1.495660191671454e-06,Canada,CAN,quebec,,,Linux-6.8.0-48-generic-x86_64-with-glibc2.39,3.10.15,3.0.7,16,12th Gen Intel(R) Core(TM) i7-1260P,,,-71.2,46.8,15.25125503540039,process,N,1.0
2025-10-28T15:32:49,networkx_n=500_rep=5_batch,41a538a8-7e61-4a1f-8eb1-1a52d9026530,5b0fa12a-3dd7-45bb-9766-cc326314d9f1,1.037740723000752,1.4465045051286601e-07,1.393897794572346e-07,0.08,0.0,10.0,1.1920087311106425e-08,0.0,1.4588820694472008e-06,1.4708021567583073e-06,Brazil,BRA,são paulo,,,Linux-6.8.0-48-generic-x86_64-with-glibc2.39,3.10.15,3.0.7,16,12th Gen Intel(R) Core(TM) i7-1260P,,,-46.5638,-23.6266,15.25125503540039,process,N,1.0
2025-10-28T15:32:56,classic_n=500_rep=6_batch,1b3ad35c-e2ff-41a7-9ddd-ec8208cb7670,5b0fa12a-3dd7-45bb-9766-cc326314d9f1,1.1120695379995595,1.638239841751794e-07,1.473145145850082e-07,0.0,0.0,10.0,0.0,0.0,1.6657581666651014e-06,1.6657581666651014e-06,Brazil,BRA,são paulo,,,Linux-6.8.0-48-generic-x86_64-with-glibc2.39,3.10.15,3.0.7,16,12th Gen Intel(R) Core(TM) i7-1260P,,,-46.5638,-23.6266,15.25125503540039,process,N,1.0
2025-10-28T15:33:02,minheap_n=500_rep=6_batch,05dd501f-5f35-4df7-b0ee-f111f6d119db,5b0fa12a-3dd7-45bb-9766-cc326314d9f1,1.0515633480008546,1.4764425475976956e-07,1.4040452725977812e-07,0.0,0.0,10.0,0.0,0.0,1.5012430833343792e-06,1.5012430833343792e-06,Brazil,BRA,são paulo,,,Linux-6.8.0-48-generic-x86_64-with-glibc2.39,3.10.15,3.0.7,16,12th Gen Intel(R) Core(TM) i7-1260P,,,-46.5638,-23.6266,15.25125503540039,process,N,1.0
2025-10-28T15:33:07,networkx_n=500_rep=6_batch,54622bd4-0ae1-4585-91ca-32e97622dfeb,5b0fa12a-3dd7-45bb-9766-cc326314d9f1,1.0299847290007165,1.4177777497791697e-07,1.3765036605491105e-07,0.0,0.0,10.0,0.0,0.0,1.441592863890643e-06,1.441592863890643e-06,Brazil,BRA,são paulo,,,Linux-6.8.0-48-generic-x86_64-with-glibc2.39,3.10.15,3.0.7,16,12th Gen Intel(R) Core(TM) i7-1260P,,,-46.5638,-23.6266,15.25125503540039,process,N,1.0
2025-10-28T15:33:14,classic_n=500_rep=7_batch,95dc7611-c553-4dcc-a657-401ea20fa212,5b0fa12a-3dd7-45bb-9766-cc326314d9f1,1.0900698580007884,1.586133301092219e-07,1.455074910521076e-07,0.0,0.0,10.0,0.0,0.0,1.6127763666696006e-06,1.6127763666696006e-06,Brazil,BRA,são paulo,,,Linux-6.8.0-48-generic-x86_64-with-glibc2.39,3.10.15,3.0.7,16,12th Gen Intel(R) Core(TM) i7-1260P,,,-46.5638,-23.6266,15.25125503540039,process,N,1.0
2025-10-28T15:33:20,minheap_n=500_rep=7_batch,184cf46d-7f57-49fd-9cd7-03c5dded07f0,5b0fa12a-3dd7-45bb-9766-cc326314d9f1,1.0536003159995744,1.4803818603464844e-07,1.405069681420903e-07,0.0,0.0,10.0,0.0,0.0,1.505248566667837e-06,1.505248566667837e-06,Brazil,BRA,são paulo,,,Linux-6.8.0-48-generic-x86_64-with-glibc2.39,3.10.15,3.0.7,16,12th Gen Intel(R) Core(TM) i7-1260P,,,-46.5638,-23.6266,15.25125503540039,process,N,1.0
2025-10-28T15:33:25,networkx_n=500_rep=7_batch,0f347c35-95f6-42d1-9abe-922e0c6a64d1,5b0fa12a-3dd7-45bb-9766-cc326314d9f1,1.0389319650003015,1.4373524412259724e-07,1.3834904398437245e-07,0.0,0.0,10.0,0.0,0.0,1.461496361111535e-06,1.461496361111535e-06,Brazil,BRA,são paulo,,,Linux-6.8.0-48-generic-x86_64-with-glibc2.39,3.10.15,3.0.7,16,12th Gen Intel(R) Core(TM) i7-1260P,,,-46.5638,-23.6266,15.25125503540039,process,N,1.0
2025-10-28T15:33:31,classic_n=500_rep=8_batch,9f2f4fd0-60c0-4745-bad0-793300159825,5b0fa12a-3dd7-45bb-9766-cc326314d9f1,1.0952190019997945,1.6001598458345828e-07,1.4610409816783689e-07,0.0,0.0,10.0,0.0,0.0,1.6270385222216849e-06,1.6270385222216849e-06,Brazil,BRA,são paulo,,,Linux-6.8.0-48-generic-x86_64-with-glibc2.39,3.10.15,3.0.7,16,12th Gen Intel(R) Core(TM) i7-1260P,,,-46.5638,-23.6266,15.25125503540039,process,N,1.0
2025-10-28T15:33:37,minheap_n=500_rep=8_batch,19d74aea-1b5a-4fec-8c59-edf1d60dd883,5b0fa12a-3dd7-45bb-9766-cc326314d9f1,1.0544286559998,1.4782113554981816e-07,1.4019074188538194e-07,0.0,0.0,10.0,0.0,0.0,1.5030416027760416e-06,1.5030416027760416e-06,Brazil,BRA,são paulo,,,Linux-6.8.0-48-generic-x86_64-with-glibc2.39,3.10.15,3.0.7,16,12th Gen Intel(R) Core(TM) i7-1260P,,,-46.5638,-23.6266,15.25125503540039,process,N,1.0
2025-10-28T15:33:43,networkx_n=500_rep=8_batch,4d7043a5-cf99-47c0-9919-17781f7a3b92,5b0fa12a-3dd7-45bb-9766-cc326314d9f1,1.035334000000148,1.4273637211425073e-07,1.378650484908545e-07,0.0,0.0,10.0,0.0,0.0,1.4513398555562972e-06,1.4513398555562972e-06,Brazil,BRA,são paulo,,,Linux-6.8.0-48-generic-x86_64-with-glibc2.39,3.10.15,3.0.7,16,12th Gen Intel(R) Core(TM) i7-1260P,,,-46.5638,-23.6266,15.25125503540039,process,N,1.0
2025-10-28T15:33:49,classic_n=500_rep=9_batch,a5980b73-f4b2-4a0a-be4f-b4eaf3040d07,5b0fa12a-3dd7-45bb-9766-cc326314d9f1,1.090962217998822,1.5895822862213225e-07,1.457046137800383e-07,0.0,0.0,10.0,0.0,0.0,1.6162832861078235e-06,1.6162832861078235e-06,Brazil,BRA,são paulo,,,Linux-6.8.0-48-generic-x86_64-with-glibc2.39,3.10.15,3.0.7,16,12th Gen Intel(R) Core(TM) i7-1260P,,,-46.5638,-23.6266,15.25125503540039,process,N,1.0
2025-10-28T15:33:55,minheap_n=500_rep=9_batch,85288b46-50cc-4846-bc30-f8a5def30c94,5b0fa12a-3dd7-45bb-9766-cc326314d9f1,1.052692006000143,1.475039692601208e-07,1.4012072706867386e-07,0.0,0.0,10.0,0.0,0.0,1.4998166638886483e-06,1.4998166638886483e-06,Brazil,BRA,são paulo,,,Linux-6.8.0-48-generic-x86_64-with-glibc2.39,3.10.15,3.0.7,16,12th Gen Intel(R) Core(TM) i7-1260P,,,-46.5638,-23.6266,15.25125503540039,process,N,1.0
2025-10-28T15:34:01,networkx_n=500_rep=9_batch,dcd6bc62-5a27-418e-b3ce-80f739480ea0,5b0fa12a-3dd7-45bb-9766-cc326314d9f1,1.046320882998771,1.4461630806676706e-07,1.3821410851735525e-07,0.0,0.0,10.0,0.0,0.0,1.4704549972217745e-06,1.4704549972217745e-06,Brazil,BRA,são paulo,,,Linux-6.8.0-48-generic-x86_64-with-glibc2.39,3.10.15,3.0.7,16,12th Gen Intel(R) Core(TM) i7-1260P,,,-46.5638,-23.6266,15.25125503540039,process,N,1.0
2025-10-28T15:34:07,classic_n=500_rep=10_batch,36f5d4c2-970c-45aa-afb0-2fbeef699eb4,5b0fa12a-3dd7-45bb-9766-cc326314d9f1,1.0977860880011576,1.607178980844406e-07,1.464018353312117e-07,0.0,0.0,10.0,0.0,0.0,1.6341755611140089e-06,1.6341755611140089e-06,Brazil,BRA,são paulo,,,Linux-6.8.0-48-generic-x86_64-with-glibc2.39,3.10.15,3.0.7,16,12th Gen Intel(R) Core(TM) i7-1260P,,,-46.5638,-23.6266,15.25125503540039,process,N,1.0
2025-10-28T15:34:12,minheap_n=500_rep=10_batch,baf1b08f-f5ac-43df-a708-c733da731923,5b0fa12a-3dd7-45bb-9766-cc326314d9f1,1.050193790000776,1.4720772705365352e-07,1.4017196488425697e-07,0.0,0.0,10.0,0.0,0.0,1.4968044805553088e-06,1.4968044805553088e-06,Brazil,BRA,são paulo,,,Linux-6.8.0-48-generic-x86_64-with-glibc2.39,3.10.15,3.0.7,16,12th Gen Intel(R) Core(TM) i7-1260P,,,-46.5638,-23.6266,15.25125503540039,process,N,1.0
2025-10-28T15:34:18,networkx_n=500_rep=10_batch,12434e5d-cf23-4b0c-9532-2e3ec5b70045,5b0fa12a-3dd7-45bb-9766-cc326314d9f1,1.0368886559990642,1.431751156552425e-07,1.380814756019201e-07,0.0,0.0,10.0,0.0,0.0,1.4558009888888693e-06,1.4558009888888693e-06,Brazil,BRA,são paulo,,,Linux-6.8.0-48-generic-x86_64-with-glibc2.39,3.10.15,3.0.7,16,12th Gen Intel(R) Core(TM) i7-1260P,,,-46.5638,-23.6266,15.25125503540039,process,N,1.0
2025-10-28T15:34:24,classic_n=500_rep=11_batch,04132f45-87b8-4476-8dc6-31d3f4214a66,5b0fa12a-3dd7-45bb-9766-cc326314d9f1,1.0891063470007794,1.5817026226119758e-07,1.452294008723506e-07,0.0,0.0,10.0,0.0,0.0,1.6082712638914623e-06,1.6082712638914623e-06,Brazil,BRA,são paulo,,,Linux-6.8.0-48-generic-x86_64-with-glibc2.39,3.10.15,3.0.7,16,12th Gen Intel(R) Core(TM) i7-1260P,,,-46.5638,-23.6266,15.25125503540039,process,N,1.0
2025-10-28T15:34:30,minheap_n=500_rep=11_batch,dd7dd7e3-30c6-4249-8145-4e9286867711,5b0fa12a-3dd7-45bb-9766-cc326314d9f1,1.0536301800002548,1.4764853235162338e-07,1.401331654637946e-07,0.0,0.0,10.0,0.0,0.0,1.501286577781179e-06,1.501286577781179e-06,Brazil,BRA,são paulo,,,Linux-6.8.0-48-generic-x86_64-with-glibc2.39,3.10.15,3.0.7,16,12th Gen Intel(R) Core(TM) i7-1260P,,,-46.5638,-23.6266,15.25125503540039,process,N,1.0
2025-10-28T15:34:35,networkx_n=500_rep=11_batch,815cc709-01e1-4689-bced-b4df34f62a9c,5b0fa12a-3dd7-45bb-9766-cc326314d9f1,1.0366156870004488,1.429207410123109e-07,1.3787244665944269e-07,0.0,0.0,10.0,0.0,0.0,1.4532145138926151e-06,1.4532145138926151e-06,Brazil,BRA,são paulo,,,Linux-6.8.0-48-generic-x86_64-with-glibc2.39,3.10.15,3.0.7,16,12th Gen Intel(R) Core(TM) i7-1260P,,,-46.5638,-23.6266,15.25125503540039,process,N,1.0
2025-10-28T15:34:41,classic_n=500_rep=12_batch,bdee4ef2-1ddb-4dfb-983c-9495cba8064c,5b0fa12a-3dd7-45bb-9766-cc326314d9f1,1.0940348790009011,1.594606265409673e-07,1.4575460947514814e-07,0.0,0.0,10.0,0.0,0.0,1.6213916555595158e-06,1.6213916555595158e-06,Brazil,BRA,são paulo,,,Linux-6.8.0-48-generic-x86_64-with-glibc2.39,3.10.15,3.0.7,16,12th Gen Intel(R) Core(TM) i7-1260P,,,-46.5638,-23.6266,15.25125503540039,process,N,1.0
2025-10-28T15:34:47,minheap_n=500_rep=12_batch,a88663e3-12d4-4aaa-a007-bbc169f95501,5b0fa12a-3dd7-45bb-9766-cc326314d9f1,1.0475941829990916,1.4653057675962886e-07,1.3987341581082064e-07,0.0,0.0,10.0,0.0,0.0,1.4899192333309151e-06,1.4899192333309151e-06,Brazil,BRA,são paulo,,,Linux-6.8.0-48-generic-x86_64-with-glibc2.39,3.10.15,3.0.7,16,12th Gen Intel(R) Core(TM) i7-1260P,,,-46.5638,-23.6266,15.25125503540039,process,N,1.0
2025-10-28T15:34:53,networkx_n=500_rep=12_batch,88c4d3d3-c172-4a24-bc77-ef7b2d34f41c,5b0fa12a-3dd7-45bb-9766-cc326314d9f1,1.0254797670004336,1.4109008341784046e-07,1.375844633488325e-07,0.0,0.0,10.0,0.0,0.0,1.4346004333371337e-06,1.4346004333371337e-06,Brazil,BRA,são paulo,,,Linux-6.8.0-48-generic-x86_64-with-glibc2.39,3.10.15,3.0.7,16,12th Gen Intel(R) Core(TM) i7-1260P,,,-46.5638,-23.6266,15.25125503540039,process,N,1.0
2025-10-28T15:34:59,classic_n=500_rep=13_batch,e6914289-6a11-4bbc-8983-993cb8a7ab36,5b0fa12a-3dd7-45bb-9766-cc326314d9f1,1.0872761880000326,1.579345139093295e-07,1.452570337255696e-07,0.0,0.0,10.0,0.0,0.0,1.605874180556081e-06,1.605874180556081e-06,Brazil,BRA,são paulo,,,Linux-6.8.0-48-generic-x86_64-with-glibc2.39,3.10.15,3.0.7,16,12th Gen Intel(R) Core(TM) i7-1260P,,,-46.5638,-23.6266,15.25125503540039,process,N,1.0
2025-10-28T15:35:04,minheap_n=500_rep=13_batch,7f482635-beb4-48e8-a806-736b6892152f,5b0fa12a-3dd7-45bb-9766-cc326314d9f1,1.0457859899997857,1.463057524124919e-07,1.399002796093318e-07,0.0,0.0,10.0,0.0,0.0,1.4876332250019508e-06,1.4876332250019508e-06,Brazil,BRA,são paulo,,,Linux-6.8.0-48-generic-x86_64-with-glibc2.39,3.10.15,3.0.7,16,12th Gen Intel(R) Core(TM) i7-1260P,,,-46.5638,-23.6266,15.25125503540039,process,N,1.0
2025-10-28T15:35:10,networkx_n=500_rep=13_batch,5a574216-fbfa-412d-8b7d-c02453e27e7d,5b0fa12a-3dd7-45bb-9766-cc326314d9f1,1.0309492320011486,1.4212929367784864e-07,1.378625535245467e-07,0.0,0.0,10.0,0.0,0.0,1.4451670972246375e-06,1.4451670972246375e-06,Brazil,BRA,são paulo,,,Linux-6.8.0-48-generic-x86_64-with-glibc2.39,3.10.15,3.0.7,16,12th Gen Intel(R) Core(TM) i7-1260P,,,-46.5638,-23.6266,15.25125503540039,process,N,1.0
2025-10-28T15:35:16,classic_n=500_rep=14_batch,97c5dc27-5d3c-43cd-9519-16afd703d114,5b0fa12a-3dd7-45bb-9766-cc326314d9f1,1.0830721150014142,1.5677175014988165e-07,1.4474728688742665e-07,0.0,0.0,10.0,0.0,0.0,1.5940512277817713e-06,1.5940512277817713e-06,Brazil,BRA,são paulo,,,Linux-6.8.0-48-generic-x86_64-with-glibc2.39,3.10.15,3.0.7,16,12th Gen Intel(R) Core(TM) i7-1260P,,,-46.5638,-23.6266,15.25125503540039,process,N,1.0
2025-10-28T15:35:21,minheap_n=500_rep=14_batch,619a5522-5efd-4f2d-adae-8313c08bc8fc,5b0fa12a-3dd7-45bb-9766-cc326314d9f1,1.047144901000138,1.4681480247974358e-07,1.4020485831475608e-07,0.0,0.0,10.0,0.0,0.0,1.492809233332082e-06,1.492809233332082e-06,Brazil,BRA,são paulo,,,Linux-6.8.0-48-generic-x86_64-with-glibc2.39,3.10.15,3.0.7,16,12th Gen Intel(R) Core(TM) i7-1260P,,,-46.5638,-23.6266,15.25125503540039,process,N,1.0
2025-10-28T15:35:27,networkx_n=500_rep=14_batch,083a21b0-ebcd-425a-b182-c7fb516a8037,5b0fa12a-3dd7-45bb-9766-cc326314d9f1,1.032238296000287,1.4257385040522514e-07,1.38121062701965e-07,0.0,0.0,10.0,0.0,0.0,1.449687338890726e-06,1.449687338890726e-06,Brazil,BRA,são paulo,,,Linux-6.8.0-48-generic-x86_64-with-glibc2.39,3.10.15,3.0.7,16,12th Gen Intel(R) Core(TM) i7-1260P,,,-46.5638,-23.6266,15.25125503540039,process,N,1.0
2025-10-28T15:35:33,classic_n=500_rep=15_batch,92a8f79f-2550-4312-b3fd-78a4eea93204,5b0fa12a-3dd7-45bb-9766-cc326314d9f1,1.0884799509985896,1.584519268348604e-07,1.455717458915931e-07,0.0,0.0,10.0,0.0,0.0,1.611135222219673e-06,1.611135222219673e-06,Brazil,BRA,são paulo,,,Linux-6.8.0-48-generic-x86_64-with-glibc2.39,3.10.15,3.0.7,16,12th Gen Intel(R) Core(TM) i7-1260P,,,-46.5638,-23.6266,15.25125503540039,process,N,1.0
2025-10-28T15:35:39,minheap_n=500_rep=15_batch,8a6f2644-0017-4e1e-9a74-b8bcc9c2b92c,5b0fa12a-3dd7-45bb-9766-cc326314d9f1,1.043382472000303,1.4594263138065577e-07,1.3987452856176925e-07,0.0,0.0,10.0,0.0,0.0,1.4839410194478358e-06,1.4839410194478358e-06,Brazil,BRA,são paulo,,,Linux-6.8.0-48-generic-x86_64-with-glibc2.39,3.10.15,3.0.7,16,12th Gen Intel(R) Core(TM) i7-1260P,,,-46.5638,-23.6266,15.25125503540039,process,N,1.0
2025-10-28T15:35:44,networkx_n=500_rep=15_batch,83b61b4d-2b82-4c7b-ad1e-c7dff7689293,5b0fa12a-3dd7-45bb-9766-cc326314d9f1,1.0369991429997754,1.436853958923442e-07,1.3855883764445438e-07,0.0,0.0,10.0,0.0,0.0,1.460989505555214e-06,1.460989505555214e-06,Brazil,BRA,são paulo,,,Linux-6.8.0-48-generic-x86_64-with-glibc2.39,3.10.15,3.0.7,16,12th Gen Intel(R) Core(TM) i7-1260P,,,-46.5638,-23.6266,15.25125503540039,process,N,1.0
2025-10-28T15:35:51,classic_n=1000_rep=1_batch,1a30fdc3-b124-4ffb-96f7-fd48dbdd6a2e,5b0fa12a-3dd7-45bb-9766-cc326314d9f1,1.2945068980006909,2.1446755353641e-07,1.6567509517921124e-07,0.0,0.0,10.0,0.0,0.0,2.180700711111664e-06,2.180700711111664e-06,Brazil,BRA,são paulo,,,Linux-6.8.0-48-generic-x86_64-with-glibc2.39,3.10.15,3.0.7,16,12th Gen Intel(R) Core(TM) i7-1260P,,,-46.5638,-23.6266,15.25125503540039,process,N,1.0
2025-10-28T15:35:56,minheap_n=1000_rep=1_batch,2d028ffe-6999-4ca7-9bb5-7f045c01b30f,5b0fa12a-3dd7-45bb-9766-cc326314d9f1,1.0756814950000262,1.548011709429927e-07,1.4390985776230062e-07,0.0,0.0,10.0,0.0,0.0,1.5740144277767991e-06,1.5740144277767991e-06,Brazil,BRA,são paulo,,,Linux-6.8.0-48-generic-x86_64-with-glibc2.39,3.10.15,3.0.7,16,12th Gen Intel(R) Core(TM) i7-1260P,,,-46.5638,-23.6266,15.25125503540039,process,N,1.0
2025-10-28T15:36:03,networkx_n=1000_rep=1_batch,fe063964-5cf3-4603-ae95-b67a36ad0553,5b0fa12a-3dd7-45bb-9766-cc326314d9f1,1.046637143001135,5.874995463931373e-09,5.613211324686384e-09,0.0,0.0,10.0,0.0,0.0,1.4921172777778538e-06,1.4921172777778538e-06,Canada,CAN,quebec,,,Linux-6.8.0-48-generic-x86_64-with-glibc2.39,3.10.15,3.0.7,16,12th Gen Intel(R) Core(TM) i7-1260P,,,-71.2,46.8,15.25125503540039,process,N,1.0
2025-10-28T15:36:09,classic_n=1000_rep=2_batch,b0282595-68b3-4c9c-9b13-ec1816d408bb,5b0fa12a-3dd7-45bb-9766-cc326314d9f1,1.2716681910005718,2.083559315297629e-07,1.6384457282510512e-07,0.0,0.0,10.0,0.0,0.0,2.118557891667984e-06,2.118557891667984e-06,Brazil,BRA,são paulo,,,Linux-6.8.0-48-generic-x86_64-with-glibc2.39,3.10.15,3.0.7,16,12th Gen Intel(R) Core(TM) i7-1260P,,,-46.5638,-23.6266,15.25125503540039,process,N,1.0
2025-10-28T15:36:15,minheap_n=1000_rep=2_batch,162b660a-f577-47e5-9c39-cd7541d69875,5b0fa12a-3dd7-45bb-9766-cc326314d9f1,1.073252289001175,1.542240427511613e-07,1.436978465656852e-07,0.0,0.0,10.0,0.0,0.0,1.5681462027815642e-06,1.5681462027815642e-06,Brazil,BRA,são paulo,,,Linux-6.8.0-48-generic-x86_64-with-glibc2.39,3.10.15,3.0.7,16,12th Gen Intel(R) Core(TM) i7-1260P,,,-46.5638,-23.6266,15.25125503540039,process,N,1.0
2025-10-28T15:36:21,networkx_n=1000_rep=2_batch,60bebf49-82e7-4e4c-b270-45461b597574,5b0fa12a-3dd7-45bb-9766-cc326314d9f1,1.0439931979999528,1.4574303165572973e-07,1.3960151458356178e-07,0.0,0.0,10.0,0.0,0.0,1.4819114944455376e-06,1.4819114944455376e-06,Brazil,BRA,são paulo,,,Linux-6.8.0-48-generic-x86_64-with-glibc2.39,3.10.15,3.0.7,16,12th Gen Intel(R) Core(TM) i7-1260P,,,-46.5638,-23.6266,15.25125503540039,process,N,1.0
2025-10-28T15:36:27,classic_n=1000_rep=3_batch,c2438ca4-4db5-4d0d-9dc6-ebc4d44d5103,5b0fa12a-3dd7-45bb-9766-cc326314d9f1,1.254368482001155,2.038355927295551e-07,1.625005695330979e-07,0.0,0.0,10.0,0.0,0.0,2.072595199999544e-06,2.072595199999544e-06,Brazil,BRA,são paulo,,,Linux-6.8.0-48-generic-x86_64-with-glibc2.39,3.10.15,3.0.7,16,12th Gen Intel(R) Core(TM) i7-1260P,,,-46.5638,-23.6266,15.25125503540039,process,N,1.0
2025-10-28T15:36:33,minheap_n=1000_rep=3_batch,aa6b3915-4faa-4775-9e72-db7488602e25,5b0fa12a-3dd7-45bb-9766-cc326314d9f1,1.073812878001263,1.5430261706597864e-07,1.4369600162850458e-07,0.0,0.0,10.0,0.0,0.0,1.5689451444460348e-06,1.5689451444460348e-06,Brazil,BRA,são paulo,,,Linux-6.8.0-48-generic-x86_64-with-glibc2.39,3.10.15,3.0.7,16,12th Gen Intel(R) Core(TM) i7-1260P,,,-46.5638,-23.6266,15.25125503540039,process,N,1.0
2025-10-28T15:36:38,networkx_n=1000_rep=3_batch,8b47c2eb-00b6-41f5-a16f-ef8356a2450f,5b0fa12a-3dd7-45bb-9766-cc326314d9f1,1.0476282609997725,1.462838549572333e-07,1.396333608045584e-07,0.0,0.0,10.0,0.0,0.0,1.487410572225498e-06,1.487410572225498e-06,Brazil,BRA,são paulo,,,Linux-6.8.0-48-generic-x86_64-with-glibc2.39,3.10.15,3.0.7,16,12th Gen Intel(R) Core(TM) i7-1260P,,,-46.5638,-23.6266,15.25125503540039,process,N,1.0
2025-10-28T15:36:45,classic_n=1000_rep=4_batch,70105407-644f-4ef2-86ab-1e033941a068,5b0fa12a-3dd7-45bb-9766-cc326314d9f1,1.2658276519996434,2.067507875380366e-07,1.633324941285884e-07,0.0,0.0,10.0,0.0,0.0,2.102236827775212e-06,2.102236827775212e-06,Brazil,BRA,são paulo,,,Linux-6.8.0-48-generic-x86_64-with-glibc2.39,3.10.15,3.0.7,16,12th Gen Intel(R) Core(TM) i7-1260P,,,-46.5638,-23.6266,15.25125503540039,process,N,1.0
2025-10-28T15:36:51,minheap_n=1000_rep=4_batch,1a05a560-5168-42c4-bff4-5c1810c7fce5,5b0fa12a-3dd7-45bb-9766-cc326314d9f1,1.0706297220003762,1.5305331717396045e-07,1.429563499208615e-07,0.0,0.0,10.0,0.0,0.0,1.5562422944438164e-06,1.5562422944438164e-06,Brazil,BRA,são paulo,,,Linux-6.8.0-48-generic-x86_64-with-glibc2.39,3.10.15,3.0.7,16,12th Gen Intel(R) Core(TM) i7-1260P,,,-46.5638,-23.6266,15.25125503540039,process,N,1.0
2025-10-28T15:36:57,networkx_n=1000_rep=4_batch,cc70dcda-a2ce-493c-8c0d-65be71440172,5b0fa12a-3dd7-45bb-9766-cc326314d9f1,1.04966454499845,1.4726039295387578e-07,1.4029281417149636e-07,0.0,0.0,10.0,0.0,0.0,1.4973399861092832e-06,1.4973399861092832e-06,Brazil,BRA,são paulo,,,Linux-6.8.0-48-generic-x86_64-with-glibc2.39,3.10.15,3.0.7,16,12th Gen Intel(R) Core(TM) i7-1260P,,,-46.5638,-23.6266,15.25125503540039,process,N,1.0
2025-10-28T15:37:03,classic_n=1000_rep=5_batch,0ab393da-27eb-4c21-b131-0e501fdf6440,5b0fa12a-3dd7-45bb-9766-cc326314d9f1,1.2658513450005555,2.066612313030561e-07,1.632586891970047e-07,0.0,0.0,10.0,0.0,0.0,2.1013262222216627e-06,2.1013262222216627e-06,Brazil,BRA,são paulo,,,Linux-6.8.0-48-generic-x86_64-with-glibc2.39,3.10.15,3.0.7,16,12th Gen Intel(R) Core(TM) i7-1260P,,,-46.5638,-23.6266,15.25125503540039,process,N,1.0
2025-10-28T15:37:08,minheap_n=1000_rep=5_batch,62802013-ef3a-4445-88ea-78e51b2e4e66,5b0fa12a-3dd7-45bb-9766-cc326314d9f1,1.0819351530008134,1.5631016310020268e-07,1.4447276499581962e-07,0.0,0.0,10.0,0.0,0.0,1.5893578222251863e-06,1.5893578222251863e-06,Brazil,BRA,são paulo,,,Linux-6.8.0-48-generic-x86_64-with-glibc2.39,3.10.15,3.0.7,16,12th Gen Intel(R) Core(TM) i7-1260P,,,-46.5638,-23.6266,15.25125503540039,process,N,1.0
2025-10-28T15:37:15,networkx_n=1000_rep=5_batch,85bda1f1-89a0-4ed3-a3fa-500159adc4f8,5b0fa12a-3dd7-45bb-9766-cc326314d9f1,1.0452432830006728,1.462686517222777e-07,1.3993742327850344e-07,0.0,0.0,10.0,0.0,0.0,1.4872559861133696e-06,1.4872559861133696e-06,Brazil,BRA,são paulo,,,Linux-6.8.0-48-generic-x86_64-with-glibc2.39,3.10.15,3.0.7,16,12th Gen Intel(R) Core(TM) i7-1260P,,,-46.5638,-23.6266,15.25125503540039,process,N,1.0
2025-10-28T15:37:21,classic_n=1000_rep=6_batch,85a84f50-dc1a-472a-8c12-02a2d9bbc604,5b0fa12a-3dd7-45bb-9766-cc326314d9f1,1.2739966369990725,2.08885531411698e-07,1.6396081853381694e-07,0.0,0.0,10.0,0.0,0.0,2.1239428499989623e-06,2.1239428499989623e-06,Brazil,BRA,são paulo,,,Linux-6.8.0-48-generic-x86_64-with-glibc2.39,3.10.15,3.0.7,16,12th Gen Intel(R) Core(TM) i7-1260P,,,-46.5638,-23.6266,15.25125503540039,process,N,1.0
2025-10-28T15:37:27,minheap_n=1000_rep=6_batch,75557496-1e06-4b32-9bdc-eee6990eb087,5b0fa12a-3dd7-45bb-9766-cc326314d9f1,1.0754670149999583,1.547275145744728e-07,1.438700698547029e-07,0.0,0.0,10.0,0.0,0.0,1.5732654916670678e-06,1.5732654916670678e-06,Brazil,BRA,são paulo,,,Linux-6.8.0-48-generic-x86_64-with-glibc2.39,3.10.15,3.0.7,16,12th Gen Intel(R) Core(TM) i7-1260P,,,-46.5638,-23.6266,15.25125503540039,process,N,1.0
2025-10-28T15:37:32,networkx_n=1000_rep=6_batch,778a46f6-2ef4-4bb6-a473-c368e1cfbfca,5b0fa12a-3dd7-45bb-9766-cc326314d9f1,1.0458023009996396,1.4673940944980933e-07,1.4031276208662688e-07,0.0,0.0,10.0,0.0,0.0,1.492042638892599e-06,1.492042638892599e-06,Brazil,BRA,são paulo,,,Linux-6.8.0-48-generic-x86_64-with-glibc2.39,3.10.15,3.0.7,16,12th Gen Intel(R) Core(TM) i7-1260P,,,-46.5638,-23.6266,15.25125503540039,process,N,1.0
2025-10-28T15:37:39,classic_n=1000_rep=7_batch,9c2c7135-ad70-444a-9419-df63b6b0bb85,5b0fa12a-3dd7-45bb-9766-cc326314d9f1,1.2643254890008393,2.0637279984037202e-07,1.6322758786067234e-07,0.0,0.0,10.0,0.0,0.0,2.098393458335421e-06,2.098393458335421e-06,Brazil,BRA,são paulo,,,Linux-6.8.0-48-generic-x86_64-with-glibc2.39,3.10.15,3.0.7,16,12th Gen Intel(R) Core(TM) i7-1260P,,,-46.5638,-23.6266,15.25125503540039,process,N,1.0
2025-10-28T15:37:44,minheap_n=1000_rep=7_batch,8c73a434-28d9-448e-a569-5dcd9b9e5317,5b0fa12a-3dd7-45bb-9766-cc326314d9f1,1.074002865998409,1.5434317905933456e-07,1.437083493402551e-07,0.0,0.0,10.0,0.0,0.0,1.569357577778242e-06,1.569357577778242e-06,Brazil,BRA,são paulo,,,Linux-6.8.0-48-generic-x86_64-with-glibc2.39,3.10.15,3.0.7,16,12th Gen Intel(R) Core(TM) i7-1260P,,,-46.5638,-23.6266,15.25125503540039,process,N,1.0
2025-10-28T15:37:50,networkx_n=1000_rep=7_batch,9e71c263-547e-46e5-9e97-61ac39e8eabd,5b0fa12a-3dd7-45bb-9766-cc326314d9f1,1.0466540939996776,1.4655436796061216e-07,1.400217787335739e-07,0.0,0.0,10.0,0.0,0.0,1.4901611416664511e-06,1.4901611416664511e-06,Brazil,BRA,são paulo,,,Linux-6.8.0-48-generic-x86_64-with-glibc2.39,3.10.15,3.0.7,16,12th Gen Intel(R) Core(TM) i7-1260P,,,-46.5638,-23.6266,15.25125503540039,process,N,1.0
2025-10-28T15:37:56,classic_n=1000_rep=8_batch,5c542218-5585-4f4b-93d9-afaf84169f56,5b0fa12a-3dd7-45bb-9766-cc326314d9f1,1.2654490130007616,2.066330761834431e-07,1.632883459235182e-07,0.0,0.0,10.0,0.0,0.0,2.101039941670832e-06,2.101039941670832e-06,Brazil,BRA,são paulo,,,Linux-6.8.0-48-generic-x86_64-with-glibc2.39,3.10.15,3.0.7,16,12th Gen Intel(R) Core(TM) i7-1260P,,,-46.5638,-23.6266,15.25125503540039,process,N,1.0
2025-10-28T15:38:02,minheap_n=1000_rep=8_batch,c3cdabad-c69c-417a-88af-89c2f7fdf114,5b0fa12a-3dd7-45bb-9766-cc326314d9f1,1.074499903999822,1.5438376645960965e-07,1.436796465824861e-07,0.0,0.0,10.0,0.0,0.0,1.5697702694473668e-06,1.5697702694473668e-06,Brazil,BRA,são paulo,,,Linux-6.8.0-48-generic-x86_64-with-glibc2.39,3.10.15,3.0.7,16,12th Gen Intel(R) Core(TM) i7-1260P,,,-46.5638,-23.6266,15.25125503540039,process,N,1.0
2025-10-28T15:38:08,networkx_n=1000_rep=8_batch,24017e61-fc1d-43e1-98e3-165529231f9c,5b0fa12a-3dd7-45bb-9766-cc326314d9f1,1.0451368880003429,1.4598685629065745e-07,1.396820435359177e-07,0.0,0.0,10.0,0.0,0.0,1.484390697224727e-06,1.484390697224727e-06,Brazil,BRA,são paulo,,,Linux-6.8.0-48-generic-x86_64-with-glibc2.39,3.10.15,3.0.7,16,12th Gen Intel(R) Core(TM) i7-1260P,,,-46.5638,-23.6266,15.25125503540039,process,N,1.0
2025-10-28T15:38:14,classic_n=1000_rep=9_batch,27edd18e-d7fa-4a85-9a03-84a349d46551,5b0fa12a-3dd7-45bb-9766-cc326314d9f1,1.2588328420006292,2.0470193643708322e-07,1.626124848409229e-07,0.0,0.0,10.0,0.0,0.0,2.081404161112409e-06,2.081404161112409e-06,Brazil,BRA,são paulo,,,Linux-6.8.0-48-generic-x86_64-with-glibc2.39,3.10.15,3.0.7,16,12th Gen Intel(R) Core(TM) i7-1260P,,,-46.5638,-23.6266,15.25125503540039,process,N,1.0
2025-10-28T15:38:20,minheap_n=1000_rep=9_batch,5421c23f-566e-4c48-9770-2a420898d643,5b0fa12a-3dd7-45bb-9766-cc326314d9f1,1.07490933400004,1.546283806097792e-07,1.4385248664123465e-07,0.0,0.0,10.0,0.0,0.0,1.572257499997755e-06,1.572257499997755e-06,Brazil,BRA,são paulo,,,Linux-6.8.0-48-generic-x86_64-with-glibc2.39,3.10.15,3.0.7,16,12th Gen Intel(R) Core(TM) i7-1260P,,,-46.5638,-23.6266,15.25125503540039,process,N,1.0
2025-10-28T15:38:26,networkx_n=1000_rep=9_batch,e096e00d-0420-43b6-9c77-ca6e1dbb570d,5b0fa12a-3dd7-45bb-9766-cc326314d9f1,1.0463467659992602,1.465092281406343e-07,1.40019764863246e-07,0.0,0.0,10.0,0.0,0.0,1.4897021611078445e-06,1.4897021611078445e-06,Brazil,BRA,são paulo,,,Linux-6.8.0-48-generic-x86_64-with-glibc2.39,3.10.15,3.0.7,16,12th Gen Intel(R) Core(TM) i7-1260P,,,-46.5638,-23.6266,15.25125503540039,process,N,1.0
2025-10-28T15:38:32,classic_n=1000_rep=10_batch,b045984f-995c-4a9a-93fb-826d49be245f,5b0fa12a-3dd7-45bb-9766-cc326314d9f1,1.265658528000131,2.066798095133837e-07,1.632982395654212e-07,0.0,0.0,10.0,0.0,0.0,2.101515124998817e-06,2.101515124998817e-06,Brazil,BRA,são paulo,,,Linux-6.8.0-48-generic-x86_64-with-glibc2.39,3.10.15,3.0.7,16,12th Gen Intel(R) Core(TM) i7-1260P,,,-46.5638,-23.6266,15.25125503540039,process,N,1.0
2025-10-28T15:38:38,minheap_n=1000_rep=10_batch,ee7711d2-adb3-4c1a-bb92-345be36dd284,5b0fa12a-3dd7-45bb-9766-cc326314d9f1,1.074480854000285,1.5451814124385673e-07,1.4380725414379113e-07,0.0,0.0,10.0,0.0,0.0,1.57113658888698e-06,1.57113658888698e-06,Brazil,BRA,são paulo,,,Linux-6.8.0-48-generic-x86_64-with-glibc2.39,3.10.15,3.0.7,16,12th Gen Intel(R) Core(TM) i7-1260P,,,-46.5638,-23.6266,15.25125503540039,process,N,1.0
2025-10-28T15:38:44,networkx_n=1000_rep=10_batch,e758cf3c-9a0c-47d5-924c-12984492719b,5b0fa12a-3dd7-45bb-9766-cc326314d9f1,1.0481384260001505,1.470090337700619e-07,1.402572695775212e-07,0.0,0.0,10.0,0.0,0.0,1.4947841722257887e-06,1.4947841722257887e-06,Brazil,BRA,são paulo,,,Linux-6.8.0-48-generic-x86_64-with-glibc2.39,3.10.15,3.0.7,16,12th Gen Intel(R) Core(TM) i7-1260P,,,-46.5638,-23.6266,15.25125503540039,process,N,1.0
2025-10-28T15:38:50,classic_n=1000_rep=11_batch,c30e31fa-dc81-4dff-89dd-7c676759c71a,5b0fa12a-3dd7-45bb-9766-cc326314d9f1,1.2649711880003451,2.0658644010771845e-07,1.633131584872603e-07,0.0,0.0,10.0,0.0,0.0,2.1005657472212787e-06,2.1005657472212787e-06,Brazil,BRA,são paulo,,,Linux-6.8.0-48-generic-x86_64-with-glibc2.39,3.10.15,3.0.7,16,12th Gen Intel(R) Core(TM) i7-1260P,,,-46.5638,-23.6266,15.25125503540039,process,N,1.0
2025-10-28T15:38:56,minheap_n=1000_rep=11_batch,f2451cb1-cd67-474d-b317-f779bc7ce7c7,5b0fa12a-3dd7-45bb-9766-cc326314d9f1,1.0740034369991918,1.5433636436239064e-07,1.437019278016582e-07,0.0,0.0,10.0,0.0,0.0,1.569288286110451e-06,1.569288286110451e-06,Brazil,BRA,são paulo,,,Linux-6.8.0-48-generic-x86_64-with-glibc2.39,3.10.15,3.0.7,16,12th Gen Intel(R) Core(TM) i7-1260P,,,-46.5638,-23.6266,15.25125503540039,process,N,1.0
2025-10-28T15:39:02,networkx_n=1000_rep=11_batch,d69195f1-21ee-4a3f-9c0f-29803a1ddf05,5b0fa12a-3dd7-45bb-9766-cc326314d9f1,1.049872370998855,1.4748756727257488e-07,1.4048142550151524e-07,0.0,0.0,10.0,0.0,0.0,1.499649888890215e-06,1.499649888890215e-06,Brazil,BRA,são paulo,,,Linux-6.8.0-48-generic-x86_64-with-glibc2.39,3.10.15,3.0.7,16,12th Gen Intel(R) Core(TM) i7-1260P,,,-46.5638,-23.6266,15.25125503540039,process,N,1.0
2025-10-28T15:39:08,classic_n=1000_rep=12_batch,ec2749b2-2ba2-47b0-8c7b-c1b563c0d780,5b0fa12a-3dd7-45bb-9766-cc326314d9f1,1.268500882000808,2.0754531780942813e-07,1.636146420978965e-07,0.0,0.0,10.0,0.0,0.0,2.1103155916686472e-06,2.1103155916686472e-06,Brazil,BRA,são paulo,,,Linux-6.8.0-48-generic-x86_64-with-glibc2.39,3.10.15,3.0.7,16,12th Gen Intel(R) Core(TM) i7-1260P,,,-46.5638,-23.6266,15.25125503540039,process,N,1.0
2025-10-28T15:39:14,minheap_n=1000_rep=12_batch,30324bea-a722-482f-ab85-65fdc9a898cc,5b0fa12a-3dd7-45bb-9766-cc326314d9f1,1.0729863790002128,1.54067096007347e-07,1.435871871466846e-07,0.0,0.0,10.0,0.0,0.0,1.5665503722225873e-06,1.5665503722225873e-06,Brazil,BRA,são paulo,,,Linux-6.8.0-48-generic-x86_64-with-glibc2.39,3.10.15,3.0.7,16,12th Gen Intel(R) Core(TM) i7-1260P,,,-46.5638,-23.6266,15.25125503540039,process,N,1.0
2025-10-28T15:39:20,networkx_n=1000_rep=12_batch,9971208f-990d-4f31-a353-6909f0745e31,5b0fa12a-3dd7-45bb-9766-cc326314d9f1,1.050291728000957,1.471890920201411e-07,1.4014115135448064e-07,0.0,0.0,10.0,0.0,0.0,1.4966150000014346e-06,1.4966150000014346e-06,Brazil,BRA,são paulo,,,Linux-6.8.0-48-generic-x86_64-with-glibc2.39,3.10.15,3.0.7,16,12th Gen Intel(R) Core(TM) i7-1260P,,,-46.5638,-23.6266,15.25125503540039,process,N,1.0
2025-10-28T15:39:26,classic_n=1000_rep=13_batch,75d30c5b-f811-40d0-bb01-05b8603bf43e,5b0fa12a-3dd7-45bb-9766-cc326314d9f1,1.2788720049993572,2.119049554198016e-07,1.656967660496314e-07,0.08,0.0,10.0,1.7269097111097333e-08,0.0,2.137375180553944e-06,2.1546442776650417e-06,Brazil,BRA,são paulo,,,Linux-6.8.0-48-generic-x86_64-with-glibc2.39,3.10.15,3.0.7,16,12th Gen Intel(R) Core(TM) i7-1260P,,,-46.5638,-23.6266,15.25125503540039,process,N,1.0
2025-10-28T15:39:31,minheap_n=1000_rep=13_batch,8926d383-a432-445d-aa7f-9fac503bd8be,5b0fa12a-3dd7-45bb-9766-cc326314d9f1,1.0758318589996634,1.5471331039127824e-07,1.438080766032851e-07,0.0,0.0,10.0,0.0,0.0,1.5731210638882154e-06,1.5731210638882154e-06,Brazil,BRA,são paulo,,,Linux-6.8.0-48-generic-x86_64-with-glibc2.39,3.10.15,3.0.7,16,12th Gen Intel(R) Core(TM) i7-1260P,,,-46.5638,-23.6266,15.25125503540039,process,N,1.0
2025-10-28T15:39:38,networkx_n=1000_rep=13_batch,062f15d3-bdb1-488c-97b4-5561dff7b797,5b0fa12a-3dd7-45bb-9766-cc326314d9f1,1.0458013709994702,5.86933597543759e-09,5.612285600494364e-09,0.0,0.0,10.0,0.0,0.0,1.490679894444232e-06,1.490679894444232e-06,Canada,CAN,quebec,,,Linux-6.8.0-48-generic-x86_64-with-glibc2.39,3.10.15,3.0.7,16,12th Gen Intel(R) Core(TM) i7-1260P,,,-71.2,46.8,15.25125503540039,process,N,1.0
2025-10-28T15:39:44,classic_n=1000_rep=14_batch,5cea290c-ef55-4531-8e92-6d38c5637f5b,5b0fa12a-3dd7-45bb-9766-cc326314d9f1,1.2677767449986277,2.072132395037841e-07,1.634461590506682e-07,0.0,0.0,10.0,0.0,0.0,2.106939027776712e-06,2.106939027776712e-06,Brazil,BRA,são paulo,,,Linux-6.8.0-48-generic-x86_64-with-glibc2.39,3.10.15,3.0.7,16,12th Gen Intel(R) Core(TM) i7-1260P,,,-46.5638,-23.6266,15.25125503540039,process,N,1.0
2025-10-28T15:39:50,minheap_n=1000_rep=14_batch,66bb2ef4-ba9f-4fd0-b13e-1a4a375758d3,5b0fa12a-3dd7-45bb-9766-cc326314d9f1,1.063420455000596,1.516612465832889e-07,1.426164466464056e-07,0.0,0.0,10.0,0.0,0.0,1.5420877555546518e-06,1.5420877555546518e-06,Brazil,BRA,são paulo,,,Linux-6.8.0-48-generic-x86_64-with-glibc2.39,3.10.15,3.0.7,16,12th Gen Intel(R) Core(TM) i7-1260P,,,-46.5638,-23.6266,15.25125503540039,process,N,1.0
2025-10-28T15:39:56,networkx_n=1000_rep=14_batch,ebc6eb02-1cdb-4ecf-aa1c-72aee01bb4f1,5b0fa12a-3dd7-45bb-9766-cc326314d9f1,1.0442057390009722,1.4596705255476624e-07,1.3978763676822726e-07,0.0,0.0,10.0,0.0,0.0,1.4841893333343454e-06,1.4841893333343454e-06,Brazil,BRA,são paulo,,,Linux-6.8.0-48-generic-x86_64-with-glibc2.39,3.10.15,3.0.7,16,12th Gen Intel(R) Core(TM) i7-1260P,,,-46.5638,-23.6266,15.25125503540039,process,N,1.0
2025-10-28T15:40:02,classic_n=1000_rep=15_batch,abe7c8cd-63b5-4587-8743-1192f4735b1e,5b0fa12a-3dd7-45bb-9766-cc326314d9f1,1.2642122010001913,2.063934316113523e-07,1.6325853479982433e-07,0.0,0.0,10.0,0.0,0.0,2.098603241665842e-06,2.098603241665842e-06,Brazil,BRA,são paulo,,,Linux-6.8.0-48-generic-x86_64-with-glibc2.39,3.10.15,3.0.7,16,12th Gen Intel(R) Core(TM) i7-1260P,,,-46.5638,-23.6266,15.25125503540039,process,N,1.0
2025-10-28T15:40:07,minheap_n=1000_rep=15_batch,b62ebd3d-366e-4fed-9391-e286f4835ffa,5b0fa12a-3dd7-45bb-9766-cc326314d9f1,1.070444798000608,1.5325945075764106e-07,1.431736144114122e-07,0.0,0.0,10.0,0.0,0.0,1.5583382555582326e-06,1.5583382555582326e-06,Brazil,BRA,são paulo,,,Linux-6.8.0-48-generic-x86_64-with-glibc2.39,3.10.15,3.0.7,16,12th Gen Intel(R) Core(TM) i7-1260P,,,-46.5638,-23.6266,15.25125503540039,process,N,1.0
2025-10-28T15:40:13,networkx_n=1000_rep=15_batch,544129a0-5bac-4d98-a029-6bc18283b8dd,5b0fa12a-3dd7-45bb-9766-cc326314d9f1,1.0460616880009184,1.464012461348535e-07,1.3995469656730698e-07,0.0,0.0,10.0,0.0,0.0,1.4886042027784343e-06,1.4886042027784343e-06,Brazil,BRA,são paulo,,,Linux-6.8.0-48-generic-x86_64-with-glibc2.39,3.10.15,3.0.7,16,12th Gen Intel(R) Core(TM) i7-1260P,,,-46.5638,-23.6266,15.25125503540039,process,N,1.0
2025-10-28T15:40:32,minheap_n=5000_rep=1_batch,eaf965de-d580-4e49-a13e-c746ad0f0aec,5b0fa12a-3dd7-45bb-9766-cc326314d9f1,1.3378527690001647,2.2634985371857202e-07,1.6918891148816998e-07,0.0,0.0,10.0,0.0,0.0,2.3015196416660427e-06,2.3015196416660427e-06,Brazil,BRA,são paulo,,,Linux-6.8.0-48-generic-x86_64-with-glibc2.39,3.10.15,3.0.7,16,12th Gen Intel(R) Core(TM) i7-1260P,,,-46.5638,-23.6266,15.25125503540039,process,N,1.0
2025-10-28T15:40:38,networkx_n=5000_rep=1_batch,f4c5eb35-738d-4e3d-8572-ea00ce5babda,5b0fa12a-3dd7-45bb-9766-cc326314d9f1,1.1774552679999033,1.824823358909477e-07,1.5498027046150397e-07,0.0,0.0,10.0,0.0,0.0,1.8554758194467367e-06,1.8554758194467367e-06,Brazil,BRA,são paulo,,,Linux-6.8.0-48-generic-x86_64-with-glibc2.39,3.10.15,3.0.7,16,12th Gen Intel(R) Core(TM) i7-1260P,,,-46.5638,-23.6266,15.25125503540039,process,N,1.0
2025-10-28T15:40:56,minheap_n=5000_rep=2_batch,46b47823-868c-4c2d-82bc-af9297acd265,5b0fa12a-3dd7-45bb-9766-cc326314d9f1,1.3441872399998829,2.2813742723970226e-07,1.6972146472668656e-07,0.0,0.0,10.0,0.0,0.0,2.3196956444432243e-06,2.3196956444432243e-06,Brazil,BRA,são paulo,,,Linux-6.8.0-48-generic-x86_64-with-glibc2.39,3.10.15,3.0.7,16,12th Gen Intel(R) Core(TM) i7-1260P,,,-46.5638,-23.6266,15.25125503540039,process,N,1.0
2025-10-28T15:41:02,networkx_n=5000_rep=2_batch,64bb6553-e86f-4fc7-862e-66664f8828e5,5b0fa12a-3dd7-45bb-9766-cc326314d9f1,1.1633596860010584,1.786660499335242e-07,1.535776527959915e-07,0.0,0.0,10.0,0.0,0.0,1.8166719194444644e-06,1.8166719194444644e-06,Brazil,BRA,são paulo,,,Linux-6.8.0-48-generic-x86_64-with-glibc2.39,3.10.15,3.0.7,16,12th Gen Intel(R) Core(TM) i7-1260P,,,-46.5638,-23.6266,15.25125503540039,process,N,1.0
2025-10-28T15:41:20,minheap_n=5000_rep=3_batch,21afaaa4-7330-4373-93f7-0d969004ad7b,5b0fa12a-3dd7-45bb-9766-cc326314d9f1,1.3377309890001925,2.2630957529551385e-07,1.691742040487942e-07,0.0,0.0,10.0,0.0,0.0,2.3011100916695187e-06,2.3011100916695187e-06,Brazil,BRA,são paulo,,,Linux-6.8.0-48-generic-x86_64-with-glibc2.39,3.10.15,3.0.7,16,12th Gen Intel(R) Core(TM) i7-1260P,,,-46.5638,-23.6266,15.25125503540039,process,N,1.0
2025-10-28T15:41:26,networkx_n=5000_rep=3_batch,32991676-b914-4364-a6d0-54ab57b1581a,5b0fa12a-3dd7-45bb-9766-cc326314d9f1,1.1676267109996843,1.798722512732199e-07,1.540494488338821e-07,0.0,0.0,10.0,0.0,0.0,1.8289365444464543e-06,1.8289365444464543e-06,Brazil,BRA,são paulo,,,Linux-6.8.0-48-generic-x86_64-with-glibc2.39,3.10.15,3.0.7,16,12th Gen Intel(R) Core(TM) i7-1260P,,,-46.5638,-23.6266,15.25125503540039,process,N,1.0
2025-10-28T15:41:45,minheap_n=5000_rep=4_batch,8959220e-2d6f-412d-83bf-6e73233aea24,5b0fa12a-3dd7-45bb-9766-cc326314d9f1,1.3450940660004562,2.2835096834015802e-07,1.6976579862488256e-07,0.0,0.0,10.0,0.0,0.0,2.3218669250026223e-06,2.3218669250026223e-06,Brazil,BRA,são paulo,,,Linux-6.8.0-48-generic-x86_64-with-glibc2.39,3.10.15,3.0.7,16,12th Gen Intel(R) Core(TM) i7-1260P,,,-46.5638,-23.6266,15.25125503540039,process,N,1.0
2025-10-28T15:41:51,networkx_n=5000_rep=4_batch,7eae3713-6a0b-49a4-88e7-7a50beb8f874,5b0fa12a-3dd7-45bb-9766-cc326314d9f1,1.1726950100000977,1.8142858351306045e-07,1.5471080030693168e-07,0.0,0.0,10.0,0.0,0.0,1.8447612916689752e-06,1.8447612916689752e-06,Brazil,BRA,são paulo,,,Linux-6.8.0-48-generic-x86_64-with-glibc2.39,3.10.15,3.0.7,16,12th Gen Intel(R) Core(TM) i7-1260P,,,-46.5638,-23.6266,15.25125503540039,process,N,1.0
2025-10-28T15:42:09,minheap_n=5000_rep=5_batch,52395852-41e8-4148-b71c-3d5370de64f6,5b0fa12a-3dd7-45bb-9766-cc326314d9f1,1.339658822000274,2.268364577676113e-07,1.6932405030477596e-07,0.0,0.0,10.0,0.0,0.0,2.30646741944535e-06,2.30646741944535e-06,Brazil,BRA,são paulo,,,Linux-6.8.0-48-generic-x86_64-with-glibc2.39,3.10.15,3.0.7,16,12th Gen Intel(R) Core(TM) i7-1260P,,,-46.5638,-23.6266,15.25125503540039,process,N,1.0
2025-10-28T15:42:16,networkx_n=5000_rep=5_batch,a208ac6a-1f83-49dd-ac79-d6d6016a62e4,5b0fa12a-3dd7-45bb-9766-cc326314d9f1,1.1780984880006145,1.826541564031779e-07,1.5504149972483677e-07,0.0,0.0,10.0,0.0,0.0,1.8572228861103207e-06,1.8572228861103207e-06,Brazil,BRA,são paulo,,,Linux-6.8.0-48-generic-x86_64-with-glibc2.39,3.10.15,3.0.7,16,12th Gen Intel(R) Core(TM) i7-1260P,,,-46.5638,-23.6266,15.25125503540039,process,N,1.0
2025-10-28T15:42:34,minheap_n=5000_rep=6_batch,d7e8a1a3-3bf8-4d0f-8584-9e9897302923,5b0fa12a-3dd7-45bb-9766-cc326314d9f1,1.339477485000316,2.2659930877633853e-07,1.6916992731407137e-07,0.0,0.0,10.0,0.0,0.0,2.3040560944435936e-06,2.3040560944435936e-06,Brazil,BRA,são paulo,,,Linux-6.8.0-48-generic-x86_64-with-glibc2.39,3.10.15,3.0.7,16,12th Gen Intel(R) Core(TM) i7-1260P,,,-46.5638,-23.6266,15.25125503540039,process,N,1.0
2025-10-28T15:42:40,networkx_n=5000_rep=6_batch,ce55dc4c-6447-4f12-9cf8-8cd1fa74727a,5b0fa12a-3dd7-45bb-9766-cc326314d9f1,1.166889018000802,1.811612967454114e-07,1.5525152259620193e-07,0.08,0.0,10.0,1.4784143177773028e-08,0.0,1.8272593833343207e-06,1.8420435265120937e-06,Brazil,BRA,são paulo,,,Linux-6.8.0-48-generic-x86_64-with-glibc2.39,3.10.15,3.0.7,16,12th Gen Intel(R) Core(TM) i7-1260P,,,-46.5638,-23.6266,15.25125503540039,process,N,1.0
2025-10-28T15:42:59,minheap_n=5000_rep=7_batch,033354c0-eedf-480c-a4d0-349e3ecb36a7,5b0fa12a-3dd7-45bb-9766-cc326314d9f1,1.3753906229994757,2.364894273407113e-07,1.719434634685607e-07,0.0,0.0,10.0,0.0,0.0,2.4046185722201903e-06,2.4046185722201903e-06,Brazil,BRA,são paulo,,,Linux-6.8.0-48-generic-x86_64-with-glibc2.39,3.10.15,3.0.7,16,12th Gen Intel(R) Core(TM) i7-1260P,,,-46.5638,-23.6266,15.25125503540039,process,N,1.0
2025-10-28T15:43:05,networkx_n=5000_rep=7_batch,aea54634-9329-432d-9731-7b67a9fbc483,5b0fa12a-3dd7-45bb-9766-cc326314d9f1,1.1691885400014144,7.209913446637636e-09,6.166596062110662e-09,0.0,0.0,10.0,0.0,0.0,1.8311565500021568e-06,1.8311565500021568e-06,Canada,CAN,quebec,,,Linux-6.8.0-48-generic-x86_64-with-glibc2.39,3.10.15,3.0.7,16,12th Gen Intel(R) Core(TM) i7-1260P,,,-71.2,46.8,15.25125503540039,process,N,1.0
2025-10-28T15:43:24,minheap_n=5000_rep=8_batch,88b087c4-21bb-44d7-a9f0-6246b343fe9d,5b0fa12a-3dd7-45bb-9766-cc326314d9f1,1.3393844129986974,2.267525111928368e-07,1.6929606541050388e-07,0.0,0.0,10.0,0.0,0.0,2.3056138527762314e-06,2.3056138527762314e-06,Brazil,BRA,são paulo,,,Linux-6.8.0-48-generic-x86_64-with-glibc2.39,3.10.15,3.0.7,16,12th Gen Intel(R) Core(TM) i7-1260P,,,-46.5638,-23.6266,15.25125503540039,process,N,1.0
2025-10-28T15:43:30,networkx_n=5000_rep=8_batch,1054a60b-f902-4571-9234-aa0e306dfe76,5b0fa12a-3dd7-45bb-9766-cc326314d9f1,1.1667881140001557,1.7957860681938317e-07,1.5390849860796508e-07,0.0,0.0,10.0,0.0,0.0,1.8259507749967777e-06,1.8259507749967777e-06,Brazil,BRA,são paulo,,,Linux-6.8.0-48-generic-x86_64-with-glibc2.39,3.10.15,3.0.7,16,12th Gen Intel(R) Core(TM) i7-1260P,,,-46.5638,-23.6266,15.25125503540039,process,N,1.0
2025-10-28T15:43:48,minheap_n=5000_rep=9_batch,a91207c0-912e-4ab9-9642-95686ffc736b,5b0fa12a-3dd7-45bb-9766-cc326314d9f1,1.3386139619997266,2.26578183626225e-07,1.6926327534171592e-07,0.0,0.0,10.0,0.0,0.0,2.3038412944465057e-06,2.3038412944465057e-06,Brazil,BRA,são paulo,,,Linux-6.8.0-48-generic-x86_64-with-glibc2.39,3.10.15,3.0.7,16,12th Gen Intel(R) Core(TM) i7-1260P,,,-46.5638,-23.6266,15.25125503540039,process,N,1.0
2025-10-28T15:43:54,networkx_n=5000_rep=9_batch,a732caf3-a249-4ee7-b479-678b88c5c011,5b0fa12a-3dd7-45bb-9766-cc326314d9f1,1.164004293999824,1.7886923799419994e-07,1.5366716335689654e-07,0.0,0.0,10.0,0.0,0.0,1.818737930554764e-06,1.818737930554764e-06,Brazil,BRA,são paulo,,,Linux-6.8.0-48-generic-x86_64-with-glibc2.39,3.10.15,3.0.7,16,12th Gen Intel(R) Core(TM) i7-1260P,,,-46.5638,-23.6266,15.25125503540039,process,N,1.0
2025-10-28T15:44:13,minheap_n=5000_rep=10_batch,5835e75a-0545-45bd-be81-8da4428025c5,5b0fa12a-3dd7-45bb-9766-cc326314d9f1,1.3479645530005655,2.2913316659101905e-07,1.699845638232617e-07,0.0,0.0,10.0,0.0,0.0,2.329820297220269e-06,2.329820297220269e-06,Brazil,BRA,são paulo,,,Linux-6.8.0-48-generic-x86_64-with-glibc2.39,3.10.15,3.0.7,16,12th Gen Intel(R) Core(TM) i7-1260P,,,-46.5638,-23.6266,15.25125503540039,process,N,1.0
2025-10-28T15:44:19,networkx_n=5000_rep=10_batch,46ce318c-6e7f-4d62-b7ac-cb49a39c8634,5b0fa12a-3dd7-45bb-9766-cc326314d9f1,1.157525083001019,1.769185857319516e-07,1.52842118352433e-07,0.0,0.0,10.0,0.0,0.0,1.7989037472236508e-06,1.7989037472236508e-06,Brazil,BRA,são paulo,,,Linux-6.8.0-48-generic-x86_64-with-glibc2.39,3.10.15,3.0.7,16,12th Gen Intel(R) Core(TM) i7-1260P,,,-46.5638,-23.6266,15.25125503540039,process,N,1.0
2025-10-28T21:38:31,minheap_n=5000_rep=11_batch,5ea53ad4-d954-40a2-8860-72eecb5d2d18,5b0fa12a-3dd7-45bb-9766-cc326314d9f1,1.2027107310004794,7.620670211631135e-09,6.336245295900746e-09,0.0,0.0,10.0,0.0,0.0,1.935479569445104e-06,1.935479569445104e-06,Canada,CAN,quebec,,,Linux-6.8.0-48-generic-x86_64-with-glibc2.39,3.10.15,3.0.7,16,12th Gen Intel(R) Core(TM) i7-1260P,,,-71.2,46.8,15.25125503540039,process,N,1.0
2025-10-28T21:38:33,networkx_n=5000_rep=11_batch,482a7550-be34-43d1-a82c-1d3b5cfafcf6,5b0fa12a-3dd7-45bb-9766-cc326314d9f1,1.0955195000005915,6.450504561182321e-09,5.8880782689663114e-09,0.0,0.0,10.0,0.0,0.0,1.6382836999986869e-06,1.6382836999986869e-06,Canada,CAN,quebec,,,Linux-6.8.0-48-generic-x86_64-with-glibc2.39,3.10.15,3.0.7,16,12th Gen Intel(R) Core(TM) i7-1260P,,,-71.2,46.8,15.25125503540039,process,N,1.0
2025-10-28T21:38:48,minheap_n=5000_rep=12_batch,5043d9eb-78a5-4d87-9638-555a67d1e03f,5b0fa12a-3dd7-45bb-9766-cc326314d9f1,1.1728311070000927,1.821830241337893e-07,1.5533611194861913e-07,0.0,0.0,10.0,0.0,0.0,1.8524324249988743e-06,1.8524324249988743e-06,Brazil,BRA,rio grande do norte,,,Linux-6.8.0-48-generic-x86_64-with-glibc2.39,3.10.15,3.0.7,16,12th Gen Intel(R) Core(TM) i7-1260P,,,-35.2235,-5.8111,15.25125503540039,process,N,1.0
2025-10-28T21:38:54,networkx_n=5000_rep=12_batch,f47311d8-5fe1-43a5-8965-22fa59a4a1bd,5b0fa12a-3dd7-45bb-9766-cc326314d9f1,1.0903316469994024,1.596925625410873e-07,1.464623749852276e-07,0.0,0.0,10.0,0.0,0.0,1.6237499749978372e-06,1.6237499749978372e-06,Brazil,BRA,rio grande do norte,,,Linux-6.8.0-48-generic-x86_64-with-glibc2.39,3.10.15,3.0.7,16,12th Gen Intel(R) Core(TM) i7-1260P,,,-35.2235,-5.8111,15.25125503540039,process,N,1.0
2025-10-28T21:39:08,minheap_n=5000_rep=13_batch,2ceff0b4-eaf0-4ba3-867f-f1f941cb3d4c,5b0fa12a-3dd7-45bb-9766-cc326314d9f1,1.1686780500003806,1.8098247725779745e-07,1.548608509056352e-07,0.0,0.0,10.0,0.0,0.0,1.8402252944421584e-06,1.8402252944421584e-06,Brazil,BRA,rio grande do norte,,,Linux-6.8.0-48-generic-x86_64-with-glibc2.39,3.10.15,3.0.7,16,12th Gen Intel(R) Core(TM) i7-1260P,,,-35.2235,-5.8111,15.25125503540039,process,N,1.0
2025-10-28T21:39:15,networkx_n=5000_rep=13_batch,d03ec843-0725-4c31-bcc1-cdf59c15db16,5b0fa12a-3dd7-45bb-9766-cc326314d9f1,1.0778902910005854,1.5635563320516005e-07,1.4505709394600638e-07,0.0,0.0,10.0,0.0,0.0,1.5898201611131905e-06,1.5898201611131905e-06,Brazil,BRA,rio grande do norte,,,Linux-6.8.0-48-generic-x86_64-with-glibc2.39,3.10.15,3.0.7,16,12th Gen Intel(R) Core(TM) i7-1260P,,,-35.2235,-5.8111,15.25125503540039,process,N,1.0
2025-10-28T21:39:29,minheap_n=5000_rep=14_batch,7d8ad3ce-a5ce-4dd7-9a5f-dfabda440c78,5b0fa12a-3dd7-45bb-9766-cc326314d9f1,1.177397244000531,1.8338416000476005e-07,1.5575385532724862e-07,0.0,0.0,10.0,0.0,0.0,1.8646455444417776e-06,1.8646455444417776e-06,Brazil,BRA,rio grande do norte,,,Linux-6.8.0-48-generic-x86_64-with-glibc2.39,3.10.15,3.0.7,16,12th Gen Intel(R) Core(TM) i7-1260P,,,-35.2235,-5.8111,15.25125503540039,process,N,1.0
2025-10-28T21:39:34,networkx_n=5000_rep=14_batch,93981565-720f-415e-9597-bae43b8f6acd,5b0fa12a-3dd7-45bb-9766-cc326314d9f1,1.0772183549997862,1.561428187869178e-07,1.449500169229374e-07,0.0,0.0,10.0,0.0,0.0,1.587656269440332e-06,1.587656269440332e-06,Brazil,BRA,rio grande do norte,,,Linux-6.8.0-48-generic-x86_64-with-glibc2.39,3.10.15,3.0.7,16,12th Gen Intel(R) Core(TM) i7-1260P,,,-35.2235,-5.8111,15.25125503540039,process,N,1.0
2025-10-28T21:39:49,minheap_n=5000_rep=15_batch,4d06c45e-8b15-432c-ad60-46279f174930,5b0fa12a-3dd7-45bb-9766-cc326314d9f1,1.1844362510000792,1.852522687914305e-07,1.5640543645553966e-07,0.0,0.0,10.0,0.0,0.0,1.8836404277812512e-06,1.8836404277812512e-06,Brazil,BRA,rio grande do norte,,,Linux-6.8.0-48-generic-x86_64-with-glibc2.39,3.10.15,3.0.7,16,12th Gen Intel(R) Core(TM) i7-1260P,,,-35.2235,-5.8111,15.25125503540039,process,N,1.0
2025-10-28T21:39:55,networkx_n=5000_rep=15_batch,0ed7fa51-0eb5-476e-8b03-4d16128dd32b,5b0fa12a-3dd7-45bb-9766-cc326314d9f1,1.0825701000012486,1.5754561231494e-07,1.4552924777320034e-07,0.0,0.0,10.0,0.0,0.0,1.601919838887827e-06,1.601919838887827e-06,Brazil,BRA,rio grande do norte,,,Linux-6.8.0-48-generic-x86_64-with-glibc2.39,3.10.15,3.0.7,16,12th Gen Intel(R) Core(TM) i7-1260P,,,-35.2235,-5.8111,15.25125503540039,process,N,1.0
