size,rep,src,algo,time_sec,co2_kg,nodes,edges
100,1,77,classic,0.0017583490007382352,3.61075283576051e-08,100,484
100,1,11,classic,0.0013633460002893116,2.7996179567313454e-08,100,484
100,1,0,classic,0.0012228849991515744,2.5111826358940645e-08,100,484
100,1,82,classic,0.001224748999447911,2.5150103426536613e-08,100,484
100,1,62,classic,0.0012201030003780033,2.505469828051858e-08,100,484
100,1,77,minheap,0.00198120399909385,3.901476054588253e-08,100,484
100,1,11,minheap,0.001386667001497699,2.7306870491405115e-08,100,484
100,1,0,minheap,0.0012659740004892228,2.493012961259438e-08,100,484
100,1,82,minheap,0.0011797570005001035,2.3232305657515384e-08,100,484
100,1,62,minheap,0.0012659690000873525,2.4930031142430938e-08,100,484
100,1,77,networkx,0.0015432230011356296,4.1021537690783754e-08,100,484
100,1,11,networkx,0.001066052000169293,2.833750681081033e-08,100,484
100,1,0,networkx,0.0009540270002617035,2.5359688470468377e-08,100,484
100,1,82,networkx,0.0008438909990218235,2.2432082983348714e-08,100,484
100,1,62,networkx,0.0008202540011552628,2.1803770679704607e-08,100,484
100,2,96,classic,0.0013689999996131519,3.086201887114317e-08,100,482
100,2,75,classic,0.0013242059994809097,2.985220639650044e-08,100,482
100,2,57,classic,0.001190450999274617,2.6836903736425333e-08,100,482
100,2,43,classic,0.0012866329998360015,2.9005180374284022e-08,100,482
100,2,12,classic,0.0009960299994418165,2.2453978559301927e-08,100,482
100,2,96,minheap,0.0017572340002516285,3.506803538002877e-08,100,482
100,2,75,minheap,0.0013953139987279428,2.784542108030815e-08,100,482
100,2,57,minheap,0.001221791000716621,2.438252960846187e-08,100,482
100,2,43,minheap,0.0011210970005777199,2.237304153861917e-08,100,482
100,2,12,minheap,0.0014849010003672447,2.9633253630001513e-08,100,482
100,2,96,networkx,0.0011412910007493338,4.0645431005859826e-08,100,482
100,2,75,networkx,0.000759984000978875,2.7065732803520662e-08,100,482
100,2,57,networkx,0.0007053399986034492,2.511966556302183e-08,100,482
100,2,43,networkx,0.0006661300012638094,2.3723258125688228e-08,100,482
100,2,12,networkx,0.0006137289983598748,2.185707207255074e-08,100,482
100,3,91,classic,0.001319619999776478,3.228805058919077e-08,100,495
100,3,84,classic,0.0011369470012141392,2.7818464632734353e-08,100,495
100,3,54,classic,0.0011201549987163162,2.7407603152736047e-08,100,495
100,3,86,classic,0.0010707010005717166,2.619757814993142e-08,100,495
100,3,33,classic,0.0010307270003977465,2.5219506780834187e-08,100,495
100,3,91,minheap,0.0013914070004830137,3.130986040959009e-08,100,495
100,3,84,minheap,0.0011993440002697753,2.6988000792356563e-08,100,495
100,3,54,minheap,0.00115869000001112,2.6073192204540007e-08,100,495
100,3,86,minheap,0.0011738289995264495,2.6413854542304064e-08,100,495
100,3,33,minheap,0.001250889999937499,2.8147904439318923e-08,100,495
100,3,91,networkx,0.0008964440003182972,3.378903134792572e-08,100,495
100,3,84,networkx,0.0006541289985761978,2.4655622917472354e-08,100,495
100,3,54,networkx,0.000775083999542403,2.921469444663018e-08,100,495
100,3,86,networkx,0.0006809400001657195,2.5666191087771868e-08,100,495
100,3,33,networkx,0.0006603950005228398,2.489180290877809e-08,100,495
100,4,90,classic,0.0014640270001109457,3.423379346980343e-08,100,505
100,4,14,classic,0.0011052600002585677,2.58446344066191e-08,100,505
100,4,73,classic,0.001095072000680375,2.5606405280104446e-08,100,505
100,4,64,classic,0.0011584290004975628,2.7087901486420058e-08,100,505
100,4,28,classic,0.0011199340005987324,2.618776106820591e-08,100,505
100,4,90,minheap,0.0021874030007893452,3.4731340399118395e-08,100,505
100,4,14,minheap,0.0020077890003449284,3.1879449372347694e-08,100,505
100,4,73,minheap,0.001661815000261413,2.6386112862427455e-08,100,505
100,4,64,minheap,0.0014898079989507096,2.3655004917801865e-08,100,505
100,4,28,minheap,0.0014481520011031535,2.299359563913381e-08,100,505
100,4,90,networkx,0.001938407000125153,1.650735687468891e-09,100,505
100,4,14,networkx,0.0014662090015917784,1.2486147254211385e-09,100,505
100,4,73,networkx,0.001190800998301711,1.0140789341161592e-09,100,505
100,4,64,networkx,0.001058850999470451,9.017111124883089e-10,100,505
100,4,28,networkx,0.0009018689997901674,7.680261902063822e-10,100,505
100,5,56,classic,0.0013571600011346163,3.412165039093869e-08,100,476
100,5,38,classic,0.0010748740005510626,2.7024429566484894e-08,100,476
100,5,44,classic,0.0010275280001224019,2.5834058738664015e-08,100,476
100,5,69,classic,0.00103099099942483,2.592112529780423e-08,100,476
100,5,32,classic,0.0010252040010527708,2.5775628867686e-08,100,476
100,5,56,minheap,0.0014582849998987513,3.4012472996998515e-08,100,476
100,5,38,minheap,0.0011751239999284735,2.740813580230691e-08,100,476
100,5,44,minheap,0.0011506850005389424,2.6838130071693345e-08,100,476
100,5,69,minheap,0.0010702419986046152,2.496190873548076e-08,100,476
100,5,32,minheap,0.0011003199997503543,2.566343635308923e-08,100,476
100,5,56,networkx,0.001422166998963803,3.963774980191336e-08,100,476
100,5,38,networkx,0.0013018049994570902,3.6283095372735083e-08,100,476
100,5,44,networkx,0.0008585739997215569,2.3929637948417398e-08,100,476
100,5,69,networkx,0.0007199829997261986,2.0066916209960853e-08,100,476
100,5,32,networkx,0.0006857290009065764,1.911221016213631e-08,100,476
100,6,82,classic,0.0017095210005209083,3.866353734946815e-08,100,503
100,6,3,classic,0.0012375300011626678,2.798870994065625e-08,100,503
100,6,8,classic,0.0011402600011933828,2.5788794130526243e-08,100,503
100,6,5,classic,0.001048228001309326,2.3707344026210917e-08,100,503
100,6,18,classic,0.0010137030003534164,2.292650619880635e-08,100,503
100,6,82,minheap,0.0026597729993227404,4.325113318759252e-08,100,503
100,6,3,minheap,0.0015731849998701364,2.558189513745405e-08,100,503
100,6,8,minheap,0.001603892000275664,2.6081228187556114e-08,100,503
100,6,5,minheap,0.0014738379995833384,2.3966392482796604e-08,100,503
100,6,18,minheap,0.0012873020004917635,2.093309101569972e-08,100,503
100,6,82,networkx,0.0013597659999504685,4.072603468638713e-08,100,503
100,6,3,networkx,0.0009035180009959731,2.7061057159597705e-08,100,503
100,6,8,networkx,0.0008457120002276497,2.5329723097370957e-08,100,503
100,6,5,networkx,0.0007839620011509396,2.348026326062399e-08,100,503
100,6,18,networkx,0.0007392219995381311,2.214026589518124e-08,100,503
100,7,21,classic,0.0013318210003490094,3.3936138990268096e-08,100,502
100,7,2,classic,0.0010414699991088128,2.6537703366059817e-08,100,502
100,7,30,classic,0.0010342010009480873,2.635248197982418e-08,100,502
100,7,46,classic,0.0010424520005472004,2.6562725750669337e-08,100,502
100,7,53,classic,0.0009982289993786253,2.5435879189584722e-08,100,502
100,7,21,minheap,0.0026664080014597857,4.1504088964488565e-08,100,502
100,7,2,minheap,0.0023126819996832637,3.599815159903357e-08,100,502
100,7,30,minheap,0.0014433199994527968,2.2466059818571965e-08,100,502
100,7,46,minheap,0.0013003000003664056,2.0239875842776472e-08,100,502
100,7,53,minheap,0.0012658800005738158,1.970410984868734e-08,100,502
100,7,21,networkx,0.0018625570010044612,4.416987090186908e-08,100,502
100,7,2,networkx,0.0012628679996851133,2.9948461433454674e-08,100,502
100,7,30,networkx,0.0010279329999320908,2.4377062220531043e-08,100,502
100,7,46,networkx,0.0008726470005058218,2.069451046838223e-08,100,502
100,7,53,networkx,0.0008345059995917836,1.9790010318570654e-08,100,502
100,8,98,classic,0.0022485579993372085,4.7356264981478605e-08,100,451
100,8,10,classic,0.0012445219999790424,2.621053743050407e-08,100,451
100,8,93,classic,0.0010898700002144324,2.2953453965044333e-08,100,451
100,8,90,classic,0.00104879300124594,2.208834252545984e-08,100,451
100,8,51,classic,0.0009840370003075805,2.0724534102247384e-08,100,451
100,8,98,minheap,0.0015295530010916991,3.4562365451150754e-08,100,451
100,8,10,minheap,0.0011296749999019084,2.5526568977845895e-08,100,451
100,8,93,minheap,0.0011328749988024356,2.5598877378642965e-08,100,451
100,8,90,minheap,0.001144904001193936,2.587068932394402e-08,100,451
100,8,51,minheap,0.0012101399988750927,2.7344786913774047e-08,100,451
100,8,98,networkx,0.0010995660013577435,3.929691042433292e-08,100,451
100,8,10,networkx,0.0007417130000249017,2.6507757866786596e-08,100,451
100,8,93,networkx,0.0006980289999773959,2.4946554414948618e-08,100,451
100,8,90,networkx,0.0006720250003127148,2.401720879655414e-08,100,451
100,8,51,networkx,0.0006555979998665862,2.3430131382124363e-08,100,451
100,9,76,classic,0.0017994699992414098,3.8277176957560155e-08,100,496
100,9,26,classic,0.0013395970017882064,2.849505216029179e-08,100,496
100,9,50,classic,0.001181094999992638,2.5123498773231088e-08,100,496
100,9,51,classic,0.0010966170011670329,2.3326536716941513e-08,100,496
100,9,52,classic,0.0011294800005998695,2.4025577459591948e-08,100,496
100,9,76,minheap,0.002110760000505252,3.712268586357982e-08,100,496
100,9,26,minheap,0.001970810000784695,3.466133550873573e-08,100,496
100,9,50,minheap,0.0012945380003657192,2.2767499627878132e-08,100,496
100,9,51,minheap,0.0012106659996788949,2.1292412960752717e-08,100,496
100,9,52,minheap,0.0013494390004780143,2.373306301749952e-08,100,496
100,9,76,networkx,0.001314735998676042,3.761703468449646e-08,100,496
100,9,26,networkx,0.0008466489998681936,2.4224197729207917e-08,100,496
100,9,50,networkx,0.0008409689999098191,2.4061682398634115e-08,100,496
100,9,51,networkx,0.0009565479995217174,2.736861188225548e-08,100,496
100,9,52,networkx,0.0008904619990062201,2.5477768871906246e-08,100,496
100,10,25,classic,0.0017810859990277095,3.3765708165469606e-08,100,504
100,10,8,classic,0.0013200609992054524,2.5025627333055054e-08,100,504
100,10,71,classic,0.0016794229995866772,3.1838387883222646e-08,100,504
100,10,33,classic,0.0013543180011765799,2.567506926444548e-08,100,504
100,10,5,classic,0.0012183549988549203,2.3097491842467892e-08,100,504
100,10,25,minheap,0.0034252380010002526,4.7917780513936336e-08,100,504
100,10,8,minheap,0.002361740998821915,3.303986081529666e-08,100,504
100,10,71,minheap,0.0016385800008720253,2.2923112733591772e-08,100,504
100,10,33,minheap,0.0013810399996145861,1.9320225795455195e-08,100,504
100,10,5,minheap,0.0012150700003985548,1.6998368455320135e-08,100,504
100,10,25,networkx,0.0015219039996736683,4.263399783015023e-08,100,504
100,10,8,networkx,0.0009784570011106553,2.74100952958871e-08,100,504
100,10,71,networkx,0.0008538670008420013,2.3919881851247244e-08,100,504
100,10,33,networkx,0.0007920450007077307,2.218802555798223e-08,100,504
100,10,5,networkx,0.0008129130001179874,2.2772613180964513e-08,100,504
100,11,32,classic,0.0018243089998577489,3.912991086724895e-08,100,511
100,11,18,classic,0.00149707499986107,3.21110137102422e-08,100,511
100,11,67,classic,0.0011089350009569898,2.3785733528915986e-08,100,511
100,11,98,classic,0.0009930609994626138,2.130033256303797e-08,100,511
100,11,23,classic,0.0010701789997256128,2.295444953378521e-08,100,511
100,11,32,minheap,0.0024686200013093185,4.3171127036301265e-08,100,511
100,11,18,minheap,0.0016467710011056624,2.879866486163239e-08,100,511
100,11,67,minheap,0.0014615979998779949,2.5560366883226297e-08,100,511
100,11,98,minheap,0.0012027749999106163,2.1034080696781264e-08,100,511
100,11,23,minheap,0.0012069410004187375,2.1106935545674166e-08,100,511
100,11,32,networkx,0.001283584000702831,4.331233373166776e-08,100,511
100,11,18,networkx,0.0007967519995872863,2.6885025435501325e-08,100,511
100,11,67,networkx,0.0007145569998101564,2.4111496582327646e-08,100,511
100,11,98,networkx,0.000679492999552167,2.2928322220299332e-08,100,511
100,11,23,networkx,0.0006302130004769424,2.1265453436430342e-08,100,511
100,12,51,classic,0.0016846990001795348,3.681526872177545e-08,100,484
100,12,7,classic,0.001210678999996162,2.6456638673091867e-08,100,484
100,12,75,classic,0.0012056140003551263,2.634595461449116e-08,100,484
100,12,24,classic,0.0011560269995243289,2.5262343381565772e-08,100,484
100,12,3,classic,0.0011106219990324462,2.427012026382019e-08,100,484
100,12,51,minheap,0.0018764750002446817,4.0135501094602614e-08,100,484
100,12,7,minheap,0.0013032679999014363,2.7875305682081603e-08,100,484
100,12,75,minheap,0.0011863960007758578,2.5375556818802635e-08,100,484
100,12,24,minheap,0.0010795859998324886,2.309102176812617e-08,100,484
100,12,3,minheap,0.0010566970013314858,2.2601454135052684e-08,100,484
100,12,51,networkx,0.0016497819997312035,3.0044465241678564e-08,100,484
100,12,7,networkx,0.0019493399995553773,3.5499767769558307e-08,100,484
100,12,75,networkx,0.0013412040007096948,2.4424897948873233e-08,100,484
100,12,24,networkx,0.001540621999083669,2.8056533596303106e-08,100,484
100,12,3,networkx,0.001185127001008368,2.1582552721857788e-08,100,484
100,13,19,classic,0.002557079000325757,4.160292407961913e-08,100,445
100,13,48,classic,0.0017565880007168744,2.8579170695815115e-08,100,445
100,13,1,classic,0.0015115480000531534,2.459244187641458e-08,100,445
100,13,27,classic,0.001485580000007758,2.4169950144930922e-08,100,445
100,13,96,classic,0.0012942520006617997,2.105709980668119e-08,100,445
100,13,19,minheap,0.0017707970000628848,3.7002169365910174e-08,100,445
100,13,48,minheap,0.0013654180002049543,2.8531462441517523e-08,100,445
100,13,1,minheap,0.0012472589987737592,2.6062438954969578e-08,100,445
100,13,27,minheap,0.0011291770006209845,2.3595024511327028e-08,100,445
100,13,96,minheap,0.0011416329998610308,2.3855302224405075e-08,100,445
100,13,19,networkx,0.0012798200004908722,3.7634588683853036e-08,100,445
100,13,48,networkx,0.0008761139997659484,2.576314638676562e-08,100,445
100,13,1,networkx,0.000824230000944226,2.4237437338477493e-08,100,445
100,13,27,networkx,0.0008882339989213506,2.6119548992512722e-08,100,445
100,13,96,networkx,0.0008515519984939601,2.5040872305434642e-08,100,445
100,14,13,classic,0.002644414998940192,4.555563173629819e-08,100,529
100,14,0,classic,0.001646389000597992,2.8362526697206366e-08,100,529
100,14,77,classic,0.0014164809999783756,2.4401875962108665e-08,100,529
100,14,96,classic,0.0012098579991288716,2.0842358511662637e-08,100,529
100,14,42,classic,0.0011934489994018804,2.0559678845640696e-08,100,529
100,14,13,minheap,0.0018263140009366907,3.8313837927797286e-08,100,529
100,14,0,minheap,0.0013104570007271832,2.7491787891598776e-08,100,529
100,14,77,minheap,0.0012180950016045244,2.555414591806195e-08,100,529
100,14,96,minheap,0.001137247998485691,2.3858074501616357e-08,100,529
100,14,42,minheap,0.0011442359991633566,2.4004674223934704e-08,100,529
100,14,13,networkx,0.0017460420003772015,4.6802652102610346e-08,100,529
100,14,0,networkx,0.001042678000885644,2.7948981593772457e-08,100,529
100,14,77,networkx,0.0008113059993775096,2.1747055585961373e-08,100,529
100,14,96,networkx,0.0007541180002590409,2.0214131391349872e-08,100,529
100,14,42,networkx,0.0008289890010928502,2.2221048409292176e-08,100,529
100,15,12,classic,0.0016007779995561577,3.720913697859333e-08,100,467
100,15,3,classic,0.0011902169990207767,2.7665889563133462e-08,100,467
100,15,72,classic,0.0011080650001531467,2.57563149814123e-08,100,467
100,15,35,classic,0.0010529070004849927,2.447419993130129e-08,100,467
100,15,88,classic,0.00102049399902171,2.372077889998462e-08,100,467
100,15,12,minheap,0.0015380889999505598,3.5128540060735844e-08,100,467
100,15,3,minheap,0.0012241339991305722,2.7958096202202433e-08,100,467
100,15,72,minheap,0.0011179220000485657,2.5532311696362372e-08,100,467
100,15,35,minheap,0.0011165539999637986,2.5501067830901803e-08,100,467
100,15,88,minheap,0.00108700599957956,2.482621864126081e-08,100,467
100,15,12,networkx,0.0017123699999501696,5.109933485215491e-08,100,467
100,15,3,networkx,0.000910996001039166,2.7185298567149072e-08,100,467
100,15,72,networkx,0.0007046150003588991,2.1026622661129546e-08,100,467
100,15,35,networkx,0.0006655800007138168,1.9861767800395096e-08,100,467
100,15,88,networkx,0.0006618440002057469,1.9750280714674578e-08,100,467
500,1,41,classic,0.02179504400010046,4.4127504339374375e-08,500,2493
500,1,243,classic,0.0162781230010296,3.295762758549569e-08,500,2493
500,1,410,classic,0.015537315000983654,3.1457744940775176e-08,500,2493
500,1,202,classic,0.012580044000060298,2.5470283345132157e-08,500,2493
500,1,246,classic,0.012245514000824187,2.479297459581858e-08,500,2493
500,1,41,minheap,0.008788532999460585,3.506398287668e-08,500,2493
500,1,243,minheap,0.007387489999018726,2.947418219208327e-08,500,2493
500,1,410,minheap,0.007394156998998369,2.9500781804685214e-08,500,2493
500,1,202,minheap,0.007300982999367989,2.912904154635177e-08,500,2493
500,1,246,minheap,0.006116241000199807,2.4402226141020022e-08,500,2493
500,1,41,networkx,0.004974827999831177,3.6080832365424774e-08,500,2493
500,1,243,networkx,0.004015921000245726,2.9126187359155366e-08,500,2493
500,1,410,networkx,0.003842369000267354,2.786747035062435e-08,500,2493
500,1,202,networkx,0.003480538998701377,2.5243233365601666e-08,500,2493
500,1,246,networkx,0.0033698770002956735,2.4440637373572477e-08,500,2493
500,2,325,classic,0.021295800999723724,4.101720888998321e-08,500,2547
500,2,450,classic,0.018841295001038816,3.628965789196807e-08,500,2547
500,2,407,classic,0.017781856000510743,3.424910394467025e-08,500,2547
500,2,51,classic,0.01287514999967243,2.4798443459970466e-08,500,2547
500,2,3,classic,0.01223198400111869,2.3559660560282603e-08,500,2547
500,2,325,minheap,0.008330447000844288,3.353613944318071e-08,500,2547
500,2,450,minheap,0.0077028570012771524,3.100963087329291e-08,500,2547
500,2,407,minheap,0.006688130999464192,2.692461686504441e-08,500,2547
500,2,51,minheap,0.006583136999324779,2.6501939254945474e-08,500,2547
500,2,3,minheap,0.007632304001162993,3.0725603467593874e-08,500,2547
500,2,325,networkx,0.004776144000061322,3.393494995896692e-08,500,2547
500,2,450,networkx,0.0037336120003601536,2.6527662565616417e-08,500,2547
500,2,407,networkx,0.003758795999601716,2.6706597236350405e-08,500,2547
500,2,51,networkx,0.0038715580012649298,2.7507781807767217e-08,500,2547
500,2,3,networkx,0.003960460999223869,2.8139445925704197e-08,500,2547
500,3,138,classic,0.02575466499911272,4.744554436995999e-08,500,2560
500,3,237,classic,0.016845484000441502,3.1032947180789703e-08,500,2560
500,3,349,classic,0.018600057999719866,3.426524387484523e-08,500,2560
500,3,130,classic,0.014303848000054131,2.6350715684755057e-08,500,2560
500,3,241,classic,0.012115298999560764,2.231894517978763e-08,500,2560
500,3,138,minheap,0.009009051000248292,3.785913043398881e-08,500,2560
500,3,237,minheap,0.006522944999233005,2.7411658068412672e-08,500,2560
500,3,349,minheap,0.00736099700043269,3.093344077593756e-08,500,2560
500,3,130,minheap,0.006009706999975606,2.5254855497639146e-08,500,2560
500,3,241,minheap,0.006052880000424921,2.5436283292330533e-08,500,2560
500,3,138,networkx,0.0050843469998653745,3.6174336626503577e-08,500,2560
500,3,237,networkx,0.004753027000333532,3.3817046458370826e-08,500,2560
500,3,349,networkx,0.003805752001426299,2.707733245198055e-08,500,2560
500,3,130,networkx,0.003420650000407477,2.4337391723945296e-08,500,2560
500,3,241,networkx,0.003028905999599374,2.15501942024109e-08,500,2560
500,4,437,classic,0.02336217999982182,4.6389386016062474e-08,500,2499
500,4,139,classic,0.017779371999495197,3.5303818000462524e-08,500,2499
500,4,113,classic,0.01467145200149389,2.9132540298834407e-08,500,2499
500,4,335,classic,0.012279603999559185,2.438313933307081e-08,500,2499
500,4,318,classic,0.012134680000599474,2.4095369299161955e-08,500,2499
500,4,437,minheap,0.009496176999164163,3.736438306855755e-08,500,2499
500,4,139,minheap,0.0072488469995732885,2.852186686508266e-08,500,2499
500,4,113,minheap,0.007342483000684297,2.8890294224306015e-08,500,2499
500,4,335,minheap,0.006095149999964633,2.3982442563890977e-08,500,2499
500,4,318,minheap,0.007317339001019718,2.8791360723442908e-08,500,2499
500,4,437,networkx,0.004401782000059029,3.29554894209102e-08,500,2499
500,4,139,networkx,0.0036497600012808107,2.7325212177581254e-08,500,2499
500,4,113,networkx,0.0037870400010433514,2.83530071887418e-08,500,2499
500,4,335,networkx,0.003833766000752803,2.8702837823036193e-08,500,2499
500,4,318,networkx,0.00334044600094785,2.5009424102302742e-08,500,2499
500,5,319,classic,0.020667995000621886,4.134735304699998e-08,500,2545
500,5,431,classic,0.01700998199885362,3.402931590648017e-08,500,2545
500,5,496,classic,0.015787184000146226,3.158304762761721e-08,500,2545
500,5,220,classic,0.013978085000417195,2.7963855004601773e-08,500,2545
500,5,188,classic,0.012036912999974447,2.4080443767815498e-08,500,2545
500,5,319,minheap,0.008431238000412122,1.3875276606813185e-09,500,2545
500,5,431,minheap,0.00784635200034245,1.2912730533031069e-09,500,2545
500,5,496,minheap,0.006680718001007335,1.0994448287613488e-09,500,2545
500,5,220,minheap,0.006192155999087845,1.0190422483113607e-09,500,2545
500,5,188,minheap,0.006633397999394219,1.0916573827020068e-09,500,2545
500,5,319,networkx,0.006866927998999017,4.459802007304072e-08,500,2545
500,5,431,networkx,0.004282473999410286,2.7812998973604387e-08,500,2545
500,5,496,networkx,0.0035677780015248572,2.3171327113281632e-08,500,2545
500,5,220,networkx,0.003761621999728959,2.4430268305646714e-08,500,2545
500,5,188,networkx,0.003793582000071183,2.4637836047292562e-08,500,2545
500,6,53,classic,0.02271375599957537,3.823679913272146e-08,500,2439
500,6,338,classic,0.01980059499874187,3.333272461364013e-08,500,2439
500,6,90,classic,0.019163241000569542,3.225978992133262e-08,500,2439
500,6,105,classic,0.01791866200073855,3.016464030265085e-08,500,2439
500,6,437,classic,0.01771989400003804,2.983003020483435e-08,500,2439
500,6,53,minheap,0.010323626000172226,4.110932323948541e-08,500,2439
500,6,338,minheap,0.006883254000058514,2.7409547151666066e-08,500,2439
500,6,90,minheap,0.007792656000674469,3.103084269233485e-08,500,2439
500,6,105,minheap,0.006218698999873595,2.4763247652578986e-08,500,2439
500,6,437,minheap,0.005859098000655649,2.3331294023704224e-08,500,2439
500,6,53,networkx,0.0044599159991776105,3.794786518360923e-08,500,2439
500,6,338,networkx,0.003006117000040831,2.5577998030622185e-08,500,2439
500,6,90,networkx,0.002689009999812697,2.2879845487916247e-08,500,2439
500,6,105,networkx,0.0031011989995022304,2.6387017504893565e-08,500,2439
500,6,437,networkx,0.003406539000934572,2.8985048770875735e-08,500,2439
500,7,294,classic,0.020103076998566394,4.1273296001688564e-08,500,2580
500,7,67,classic,0.016358122000383446,3.3584590627678884e-08,500,2580
500,7,314,classic,0.014913021999745979,3.061767963775411e-08,500,2580
500,7,467,classic,0.012860013001045445,2.6402680704827572e-08,500,2580
500,7,163,classic,0.013021917000514804,2.6735083137272748e-08,500,2580
500,7,294,minheap,0.011344322998411371,4.320120789335369e-08,500,2580
500,7,67,minheap,0.007964032000018051,3.032845610533849e-08,500,2580
500,7,314,minheap,0.006441423000069335,2.4530089119817427e-08,500,2580
500,7,467,minheap,0.006748046000211616,2.5697764262343386e-08,500,2580
500,7,163,minheap,0.006375926999680814,2.4280668653795444e-08,500,2580
500,7,294,networkx,0.005912152000746573,3.661599399701453e-08,500,2580
500,7,67,networkx,0.005939504999332712,3.6785400539996504e-08,500,2580
500,7,314,networkx,0.0041882999994413694,2.593958470923538e-08,500,2580
500,7,467,networkx,0.0032663050005794503,2.0229352066478165e-08,500,2580
500,7,163,networkx,0.0039017549988784594,2.4164912809872656e-08,500,2580
500,8,199,classic,0.023544581001260667,4.5308044703603825e-08,500,2481
500,8,215,classic,0.018942172999231843,3.645139495099279e-08,500,2481
500,8,396,classic,0.01610542599883047,3.099249721566602e-08,500,2481
500,8,164,classic,0.012465726998925675,2.398843776833422e-08,500,2481
500,8,102,classic,0.012095301999579533,2.3275609944861428e-08,500,2481
500,8,199,minheap,0.009217287000865326,3.516264563919678e-08,500,2481
500,8,215,minheap,0.009082767999643693,3.464947468431051e-08,500,2481
500,8,396,minheap,0.006561765001606545,2.5032204975012003e-08,500,2481
500,8,164,minheap,0.006803689000662416,2.595511079856077e-08,500,2481
500,8,102,minheap,0.007083276999765076,2.702169945273807e-08,500,2481
500,8,199,networkx,0.004254174000379862,3.055303120276347e-08,500,2481
500,8,215,networkx,0.004710670000349637,3.383153756610636e-08,500,2481
500,8,396,networkx,0.00426759000038146,3.064938350678971e-08,500,2481
500,8,164,networkx,0.0034469389993319055,2.4755554143108936e-08,500,2481
500,8,102,networkx,0.0031950989996403223,2.2946865695482246e-08,500,2481
500,9,12,classic,0.020811758000490954,4.2011409271625585e-08,500,2486
500,9,330,classic,0.01605710299918428,3.241348115807727e-08,500,2486
500,9,216,classic,0.016741510000429116,3.379505126075598e-08,500,2486
500,9,479,classic,0.012900492998596746,2.6041427694719643e-08,500,2486
500,9,181,classic,0.012234416000865167,2.469685923695376e-08,500,2486
500,9,12,minheap,0.009445951000088826,3.805339778322984e-08,500,2486
500,9,330,minheap,0.006996471000093152,2.8185567979642602e-08,500,2486
500,9,216,minheap,0.007306950999918627,2.9436349286573456e-08,500,2486
500,9,479,minheap,0.007073662000038894,2.8496535062384507e-08,500,2486
500,9,181,minheap,0.005791704999865033,2.3332119148290387e-08,500,2486
500,9,12,networkx,0.006886312999995425,3.8034723262240504e-08,500,2486
500,9,330,networkx,0.006372354999257368,3.519601257242734e-08,500,2486
500,9,216,networkx,0.004533589999482501,2.504008182824286e-08,500,2486
500,9,479,networkx,0.0038031229996704496,2.100554111101596e-08,500,2486
500,9,181,networkx,0.0045878820001235,2.5339949292840407e-08,500,2486
500,10,371,classic,0.02425737499834213,4.5958741435340877e-08,500,2487
500,10,350,classic,0.01903990699975111,3.607357196787795e-08,500,2487
500,10,327,classic,0.016560252999624936,3.1375546025306e-08,500,2487
500,10,427,classic,0.012885574000392808,2.4413390309976998e-08,500,2487
500,10,329,classic,0.012085025999112986,2.2896648345938728e-08,500,2487
500,10,371,minheap,0.008445110001048306,3.4253100310021736e-08,500,2487
500,10,350,minheap,0.008165469998857589,3.311888926427522e-08,500,2487
500,10,327,minheap,0.007074179000483127,2.8692647328989106e-08,500,2487
500,10,427,minheap,0.0058898160004901,2.3888908285068585e-08,500,2487
500,10,329,minheap,0.00671952499942563,2.725418186529887e-08,500,2487
500,10,371,networkx,0.005594358000962529,3.844115284457142e-08,500,2487
500,10,350,networkx,0.003731386001163628,2.5639899979255172e-08,500,2487
500,10,327,networkx,0.003838354999970761,2.6374928311740917e-08,500,2487
500,10,427,networkx,0.003902263999407296,2.6814073538961054e-08,500,2487
500,10,329,networkx,0.003769974999158876,2.5905060980713955e-08,500,2487
500,11,12,classic,0.020105139999941457,4.1741709244200255e-08,500,2535
500,11,327,classic,0.016441505000329926,3.4135376389462336e-08,500,2535
500,11,329,classic,0.015182809000179986,3.152210821698258e-08,500,2535
500,11,273,classic,0.012402147000102559,2.5748978325125756e-08,500,2535
500,11,36,classic,0.012052037000103155,2.5022090085426624e-08,500,2535
500,11,12,minheap,0.009415980999619933,3.658803244656003e-08,500,2535
500,11,327,minheap,0.007730735000222921,3.003960851613131e-08,500,2535
500,11,329,minheap,0.006816836999860243,2.6488440593058218e-08,500,2535
500,11,273,minheap,0.006637790000240784,2.579271091478036e-08,500,2535
500,11,36,minheap,0.007396212000458036,2.8739739881093466e-08,500,2535
500,11,12,networkx,0.0053744990000268444,3.869625618651277e-08,500,2535
500,11,327,networkx,0.003977875998316449,2.8640606074773612e-08,500,2535
500,11,329,networkx,0.0038918800000828924,2.802143707341293e-08,500,2535
500,11,273,networkx,0.0034252629993716255,2.4661806529167747e-08,500,2535
500,11,36,networkx,0.0031806549995962996,2.2900635148443848e-08,500,2535
500,12,469,classic,0.021789440001157345,4.252451056962048e-08,500,2568
500,12,196,classic,0.018573621000541607,3.624848286654932e-08,500,2568
500,12,67,classic,0.01652270000158751,3.2245882905611925e-08,500,2568
500,12,398,classic,0.01258687299923622,2.456467967355111e-08,500,2568
500,12,334,classic,0.012234543999511516,2.3877070525634447e-08,500,2568
500,12,469,minheap,0.009451322999666445,4.181260217243789e-08,500,2568
500,12,196,minheap,0.006565638999745715,2.9046351660386508e-08,500,2568
500,12,67,minheap,0.005157751998922322,2.281786713274389e-08,500,2568
500,12,398,minheap,0.005180297999686445,2.2917610518993943e-08,500,2568
500,12,334,minheap,0.006766767999579315,2.993614527506664e-08,500,2568
500,12,469,networkx,0.004554571998596657,4.943518795172662e-08,500,2568
500,12,196,networkx,0.0022234949992707698,2.413374807392279e-08,500,2568
500,12,67,networkx,0.0020903540007566335,2.268863966688589e-08,500,2568
500,12,398,networkx,0.002078248000543681,2.255724150344587e-08,500,2568
500,12,334,networkx,0.0020522690010693623,2.2275266221859265e-08,500,2568
500,13,202,classic,0.02253974300037953,4.699359559713206e-08,500,2333
500,13,50,classic,0.015640338000594056,3.260887752757421e-08,500,2333
500,13,52,classic,0.013327737000508932,2.778728589834873e-08,500,2333
500,13,340,classic,0.01220975000069302,2.5456370725477623e-08,500,2333
500,13,370,classic,0.012033251001412282,2.5088384160796836e-08,500,2333
500,13,202,minheap,0.00934680099999241,4.263629834683305e-08,500,2333
500,13,50,minheap,0.006344473000353901,2.8940901137911842e-08,500,2333
500,13,52,minheap,0.005852759999470436,2.669790674799159e-08,500,2333
500,13,340,minheap,0.005349588998797117,2.440264563093137e-08,500,2333
500,13,370,minheap,0.005179770001632278,2.362800054882403e-08,500,2333
500,13,202,networkx,0.005031124999732128,4.1498476094185476e-08,500,2333
500,13,50,networkx,0.003291020999313332,2.7145490575713825e-08,500,2333
500,13,52,networkx,0.0031137869991653133,2.568360264436427e-08,500,2333
500,13,340,networkx,0.0029808910003339406,2.458743003270977e-08,500,2333
500,13,370,networkx,0.0028144169991719536,2.3214294330875302e-08,500,2333
500,14,177,classic,0.019154982001055032,4.2663898392033104e-08,500,2506
500,14,262,classic,0.014246569999158964,3.173139055132641e-08,500,2506
500,14,15,classic,0.012593678000484942,2.8049903600278957e-08,500,2506
500,14,351,classic,0.012319694000325399,2.7439658936869423e-08,500,2506
500,14,110,classic,0.012071519000528497,2.6886898669373754e-08,500,2506
500,14,177,minheap,0.009711811000670423,4.285520336254338e-08,500,2506
500,14,262,minheap,0.006755934999091551,2.981184130026894e-08,500,2506
500,14,15,minheap,0.0060954180007684045,2.689718508572758e-08,500,2506
500,14,351,minheap,0.0054786299988336395,2.4175491340589166e-08,500,2506
500,14,110,minheap,0.005229255999438465,2.3075081390614517e-08,500,2506
500,14,177,networkx,0.005799309999929392,4.599786644063021e-08,500,2506
500,14,262,networkx,0.0034423289998812834,2.7303211861958625e-08,500,2506
500,14,15,networkx,0.0030173009999998612,2.3932055436054182e-08,500,2506
500,14,351,networkx,0.002905318999182782,2.3043857854376146e-08,500,2506
500,14,110,networkx,0.002811139000186813,2.2296858812205952e-08,500,2506
500,15,10,classic,0.023697500999332988,4.9805710137637616e-08,500,2497
500,15,249,classic,0.01492269899972598,3.1363459837916535e-08,500,2497
500,15,204,classic,0.012714458000118611,2.672233708224759e-08,500,2497
500,15,98,classic,0.012036664000333985,2.5297798204192334e-08,500,2497
500,15,4,classic,0.012019926998618757,2.5262621572866306e-08,500,2497
500,15,10,minheap,0.009967349000362447,4.746905980071965e-08,500,2497
500,15,249,minheap,0.005592613000771962,2.663457263975334e-08,500,2497
500,15,204,minheap,0.005304951000653091,2.5264595057395106e-08,500,2497
500,15,98,minheap,0.005013779998989776,2.387790601001764e-08,500,2497
500,15,4,minheap,0.00476571299986972,2.2696497872770033e-08,500,2497
500,15,10,networkx,0.006669687998510199,4.4968756078253263e-08,500,2497
500,15,249,networkx,0.004052960000990424,2.7326101268929816e-08,500,2497
500,15,204,networkx,0.0036764460000995314,2.478754680133077e-08,500,2497
500,15,98,networkx,0.003614286000811262,2.4368448059913937e-08,500,2497
500,15,4,networkx,0.0032977890004985966,2.2234543683916408e-08,500,2497
1000,1,561,classic,0.061528280999482377,4.707574525268369e-08,1000,4985
1000,1,756,classic,0.04798960299922328,3.6717202055228324e-08,1000,4985
1000,1,702,classic,0.06664142800036643,5.0987852039076216e-08,1000,4985
1000,1,881,classic,0.05618170600064332,4.298504096952921e-08,1000,4985
1000,1,738,classic,0.04796935899867094,3.670171321989251e-08,1000,4985
1000,1,561,minheap,0.01867392900021514,4.65731758725347e-08,1000,4985
1000,1,756,minheap,0.012529763998827548,3.124949775443754e-08,1000,4985
1000,1,702,minheap,0.01100292699993588,2.7441533823694554e-08,1000,4985
1000,1,881,minheap,0.010131127999557066,2.5267248585185043e-08,1000,4985
1000,1,738,minheap,0.009731158001159201,2.4269714907140824e-08,1000,4985
1000,1,561,networkx,0.009790027999770246,1.6967313701688128e-09,1000,4985
1000,1,756,networkx,0.006566902000486152,1.1381242861931218e-09,1000,4985
1000,1,702,networkx,0.005879787000594661,1.0190388683315186e-09,1000,4985
1000,1,881,networkx,0.00588215300012962,1.0194489249353266e-09,1000,4985
1000,1,738,networkx,0.005779466000603861,1.0016520143025936e-09,1000,4985
1000,2,658,classic,0.05334345399933227,4.286736121910169e-08,1000,4960
1000,2,972,classic,0.06059438199918077,4.869428329555919e-08,1000,4960
1000,2,307,classic,0.0492659139999887,3.9590607148407575e-08,1000,4960
1000,2,796,classic,0.047762682999746175,3.838259489100942e-08,1000,4960
1000,2,612,classic,0.048308333000022685,3.882108497568502e-08,1000,4960
1000,2,658,minheap,0.017649420999077847,4.464040907717133e-08,1000,4960
1000,2,972,minheap,0.012324389001150848,3.1171887546130266e-08,1000,4960
1000,2,307,minheap,0.01115466400005971,2.821332009175138e-08,1000,4960
1000,2,796,minheap,0.010241275000225869,2.5903099342793015e-08,1000,4960
1000,2,612,minheap,0.009605612000086694,2.4295326693315312e-08,1000,4960
1000,2,658,networkx,0.008876521000274806,4.2684816637038884e-08,1000,4960
1000,2,972,networkx,0.005726604998926632,2.753771261560312e-08,1000,4960
1000,2,307,networkx,0.005494023000210291,2.6419287957116345e-08,1000,4960
1000,2,796,networkx,0.005187724000279559,2.494637794566626e-08,1000,4960
1000,2,612,networkx,0.005023118999815779,2.4154836500305107e-08,1000,4960
1000,3,506,classic,0.050769466999554425,4.2619768897332774e-08,1000,5070
1000,3,839,classic,0.04803801399975782,4.032677859262307e-08,1000,5070
1000,3,443,classic,0.04812896799921873,4.04031323277794e-08,1000,5070
1000,3,900,classic,0.0479659630000242,4.02662934794448e-08,1000,5070
1000,3,676,classic,0.047910364000927075,4.0219619432375055e-08,1000,5070
1000,3,506,minheap,0.018008140001256834,4.5312757567309676e-08,1000,5070
1000,3,839,minheap,0.01256140900113678,3.160748865416457e-08,1000,5070
1000,3,443,minheap,0.010911306999332737,2.7455440082581905e-08,1000,5070
1000,3,900,minheap,0.010022923999713385,2.5220057445293345e-08,1000,5070
1000,3,676,minheap,0.009818974998779595,2.470687331662915e-08,1000,5070
1000,3,506,networkx,0.009733770000821096,4.425723156078383e-08,1000,5070
1000,3,839,networkx,0.006361927000398282,2.8926230679960428e-08,1000,5070
1000,3,443,networkx,0.005652998001096421,2.5702892253060004e-08,1000,5070
1000,3,900,networkx,0.005362341000363813,2.438134118034092e-08,1000,5070
1000,3,676,networkx,0.005062087999249343,2.3016159283088116e-08,1000,5070
1000,4,652,classic,0.06032870400122192,4.922750478817613e-08,1000,5000
1000,4,480,classic,0.0485805039988918,3.9641113344139094e-08,1000,5000
1000,4,321,classic,0.04809694699906686,3.924653658472858e-08,1000,5000
1000,4,617,classic,0.0482856559992797,3.940052088399948e-08,1000,5000
1000,4,353,classic,0.048082946001159144,3.923511193699328e-08,1000,5000
1000,4,652,minheap,0.01341690700064646,3.624049301686748e-08,1000,5000
1000,4,480,minheap,0.00950081299924932,2.5662706549077877e-08,1000,5000
1000,4,321,minheap,0.009644732999731787,2.60514497797063e-08,1000,5000
1000,4,617,minheap,0.009536432999084354,2.575891995766901e-08,1000,5000
1000,4,353,minheap,0.014564308999979403,3.933974787063979e-08,1000,5000
1000,4,652,networkx,0.010426222999740276,4.3341995674480696e-08,1000,5000
1000,4,480,networkx,0.007430198000292876,3.088746611282448e-08,1000,5000
1000,4,321,networkx,0.006348595999952522,2.6391227233085472e-08,1000,5000
1000,4,617,networkx,0.005832699000166031,2.424663416867656e-08,1000,5000
1000,4,353,networkx,0.005386810998970759,2.2393069764808573e-08,1000,5000
1000,5,360,classic,0.061217579001095146,4.9993815052140114e-08,1000,5006
1000,5,116,classic,0.04844165800022893,3.956025916737322e-08,1000,5006
1000,5,924,classic,0.04784580600062327,3.9073651968055514e-08,1000,5006
1000,5,438,classic,0.04776237499936542,3.900551738784898e-08,1000,5006
1000,5,654,classic,0.04778988999896683,3.9027987727638276e-08,1000,5006
1000,5,360,minheap,0.017565416001161793,4.0470238698202344e-08,1000,5006
1000,5,116,minheap,0.012252785001692246,2.8230081980605604e-08,1000,5006
1000,5,924,minheap,0.01475272099924041,3.398986623759736e-08,1000,5006
1000,5,438,minheap,0.01267414500034647,2.9200883908796932e-08,1000,5006
1000,5,654,minheap,0.010598689999824273,2.441909227500041e-08,1000,5006
1000,5,360,networkx,0.009913624000546406,4.600601820424882e-08,1000,5006
1000,5,116,networkx,0.0059764749985333765,2.773494511841582e-08,1000,5006
1000,5,924,networkx,0.005520658000023104,2.5619641458511648e-08,1000,5006
1000,5,438,networkx,0.005217650999838952,2.421348105080216e-08,1000,5006
1000,5,654,networkx,0.004890346999673056,2.2694565890299227e-08,1000,5006
1000,6,180,classic,0.07007804699969711,5.576139623517392e-08,1000,5019
1000,6,300,classic,0.048109250999914366,3.828073301750628e-08,1000,5019
1000,6,225,classic,0.04816450100042857,3.832469567489425e-08,1000,5019
1000,6,600,classic,0.04808899900126562,3.826461841714917e-08,1000,5019
1000,6,332,classic,0.048075765000248794,3.825408806697433e-08,1000,5019
1000,6,180,minheap,0.018544941000072868,4.61342557650879e-08,1000,5019
1000,6,300,minheap,0.012116593001337606,3.014245235522651e-08,1000,5019
1000,6,225,minheap,0.011029568000594736,2.7438259906886053e-08,1000,5019
1000,6,600,minheap,0.010580046000541188,2.6319983880964873e-08,1000,5019
1000,6,332,minheap,0.00992585899984988,2.4692562666307464e-08,1000,5019
1000,6,180,networkx,0.010390676001406973,4.564675477004993e-08,1000,5019
1000,6,300,networkx,0.00625846999901114,2.749376895611923e-08,1000,5019
1000,6,225,networkx,0.005910382998990826,2.59646055093504e-08,1000,5019
1000,6,600,networkx,0.005572299000050407,2.447938574220325e-08,1000,5019
1000,6,332,networkx,0.0052708019993588096,2.315489447208652e-08,1000,5019
1000,7,19,classic,0.05957526800011692,4.879572593349172e-08,1000,4884
1000,7,94,classic,0.048166945000048145,3.945162357089701e-08,1000,4884
1000,7,983,classic,0.04849548400125059,3.972071676341283e-08,1000,4884
1000,7,881,classic,0.04777696499877493,3.913220650572101e-08,1000,4884
1000,7,964,classic,0.04794828400008555,3.927252706684944e-08,1000,4884
1000,7,19,minheap,0.016975867001747247,4.301419831700908e-08,1000,4884
1000,7,94,minheap,0.012691633999565965,3.2158620338391934e-08,1000,4884
1000,7,983,minheap,0.011291507000350975,2.8610916977672063e-08,1000,4884
1000,7,881,minheap,0.010088938999615493,2.556379729488937e-08,1000,4884
1000,7,964,minheap,0.009864714000286767,2.4995646131372107e-08,1000,4884
1000,7,19,networkx,0.009672706000856124,4.303187069500295e-08,1000,4884
1000,7,94,networkx,0.006558356000823551,2.9176770944372422e-08,1000,4884
1000,7,983,networkx,0.0059270180008752504,2.636807861192559e-08,1000,4884
1000,7,881,networkx,0.00556875999973272,2.4774262778047138e-08,1000,4884
1000,7,964,networkx,0.005215658000452095,2.3203384931264034e-08,1000,4884
1000,8,724,classic,0.06023373000061838,4.92469923393607e-08,1000,4945
1000,8,819,classic,0.047985736000555335,3.923305385858841e-08,1000,4945
1000,8,528,classic,0.048374037998655695,3.955052889335067e-08,1000,4945
1000,8,653,classic,0.047985998999138246,3.9233268885769985e-08,1000,4945
1000,8,27,classic,0.04815229500127316,3.9369232206373246e-08,1000,4945
1000,8,724,minheap,0.01803781999842613,4.524447367219681e-08,1000,4945
1000,8,819,minheap,0.012421807999999146,3.1157765465343564e-08,1000,4945
1000,8,528,minheap,0.01088654100021813,2.7306837395463406e-08,1000,4945
1000,8,653,minheap,0.010285110998665914,2.5798263528262555e-08,1000,4945
1000,8,27,minheap,0.009917597999447025,2.487642639834331e-08,1000,4945
1000,8,724,networkx,0.009173693000775529,4.244130893915216e-08,1000,4945
1000,8,819,networkx,0.006197012999109575,2.8669952566857963e-08,1000,4945
1000,8,528,networkx,0.005694384999515023,2.6344586957778067e-08,1000,4945
1000,8,653,networkx,0.005359284999940428,2.4794275365025525e-08,1000,4945
1000,8,27,networkx,0.005130696999913198,2.373673246184374e-08,1000,4945
1000,9,706,classic,0.05149956299828773,4.288287022375956e-08,1000,4931
1000,9,126,classic,0.04906994000157283,4.0859761645843064e-08,1000,4931
1000,9,88,classic,0.04848778899940953,4.037501372910384e-08,1000,4931
1000,9,681,classic,0.0484804300012911,4.0368886007955994e-08,1000,4931
1000,9,382,classic,0.048296109000148135,4.021540483042076e-08,1000,4931
1000,9,706,minheap,0.017885380000734585,4.4360155263563686e-08,1000,4931
1000,9,126,minheap,0.012420507000570069,3.080592187444932e-08,1000,4931
1000,9,88,minheap,0.011444339999798103,2.8384786862745167e-08,1000,4931
1000,9,681,minheap,0.010314887998902122,2.55834672307088e-08,1000,4931
1000,9,382,minheap,0.010278835999997682,2.5494049378312204e-08,1000,4931
1000,9,706,networkx,0.010216889000730589,4.481262848523187e-08,1000,4931
1000,9,126,networkx,0.0060645410012512,2.6599880139942063e-08,1000,4931
1000,9,88,networkx,0.005691493999620434,2.4963646577023465e-08,1000,4931
1000,9,681,networkx,0.005810352999105817,2.5484977892816754e-08,1000,4931
1000,9,382,networkx,0.005619550998744671,2.464809504562015e-08,1000,4931
1000,10,415,classic,0.059842033000677475,4.891120678815725e-08,1000,4992
1000,10,555,classic,0.04830280399983167,3.9479748872449725e-08,1000,4992
1000,10,246,classic,0.048253595999995014,3.943952927202915e-08,1000,4992
1000,10,123,classic,0.048274627999489894,3.945671953821631e-08,1000,4992
1000,10,638,classic,0.04819618500005163,3.939260504253123e-08,1000,4992
1000,10,415,minheap,0.018380834999334184,4.573563866148788e-08,1000,4992
1000,10,555,minheap,0.01265372299894807,3.148529992372007e-08,1000,4992
1000,10,246,minheap,0.011107264999736799,2.7637365688977402e-08,1000,4992
1000,10,123,minheap,0.010081166999952984,2.5084203803182336e-08,1000,4992
1000,10,638,minheap,0.009876775999146048,2.4575633166489034e-08,1000,4992
1000,10,415,networkx,0.01017402399884304,4.340416075795737e-08,1000,4992
1000,10,555,networkx,0.006936669999049627,2.959304399103914e-08,1000,4992
1000,10,246,networkx,0.006170971999381436,2.6326442784532853e-08,1000,4992
1000,10,123,networkx,0.0058296670013078256,2.4870376138182706e-08,1000,4992
1000,10,638,networkx,0.005347885000446695,2.2815010098349806e-08,1000,4992
1000,11,521,classic,0.059912500000791624,4.8984932520229984e-08,1000,5075
1000,11,365,classic,0.048212157998932526,3.9418640620925034e-08,1000,5075
1000,11,87,classic,0.04825501200139115,3.945367839131736e-08,1000,5075
1000,11,133,classic,0.04818333699950017,3.9395076344482874e-08,1000,5075
1000,11,753,classic,0.048108773000421934,3.933411223076307e-08,1000,5075
1000,11,521,minheap,0.01809445500111906,4.567245581561145e-08,1000,5075
1000,11,365,minheap,0.012401428999510244,3.1302612761508693e-08,1000,5075
1000,11,87,minheap,0.01082066299932194,2.7312580163458287e-08,1000,5075
1000,11,133,minheap,0.010017905000495375,2.5286327964662167e-08,1000,5075
1000,11,753,minheap,0.009810331001062877,2.476238765715005e-08,1000,5075
1000,11,521,networkx,0.011299584999505896,4.68804807382677e-08,1000,5075
1000,11,365,networkx,0.006774440000299364,2.8106253810248078e-08,1000,5075
1000,11,87,networkx,0.006145720999484183,2.549778199391253e-08,1000,5075
1000,11,133,networkx,0.005786058000012417,2.400558787176194e-08,1000,5075
1000,11,753,networkx,0.005543069999475847,2.2997462858384637e-08,1000,5075
1000,12,643,classic,0.06326170099964656,5.138797836392822e-08,1000,5026
1000,12,708,classic,0.048143751999305096,3.9107549228125217e-08,1000,5026
1000,12,283,classic,0.048291017999872565,3.922717456116749e-08,1000,5026
1000,12,996,classic,0.04778018099932524,3.881221763909916e-08,1000,5026
1000,12,582,classic,0.04802415299855056,3.901039801710805e-08,1000,5026
1000,12,643,minheap,0.017784042000130285,4.566036242808418e-08,1000,5026
1000,12,708,minheap,0.011952130000281613,3.06869826103896e-08,1000,5026
1000,12,283,minheap,0.01051339199875656,2.6993036173004323e-08,1000,5026
1000,12,996,minheap,0.009914577998642926,2.5455586797210053e-08,1000,5026
1000,12,582,minheap,0.00984273399990343,2.527112799865885e-08,1000,5026
1000,12,643,networkx,0.008346126000105869,3.362728540958388e-08,1000,5026
1000,12,708,networkx,0.007195783000497613,2.8992450952704973e-08,1000,5026
1000,12,283,networkx,0.007067743001243798,2.8476566385578098e-08,1000,5026
1000,12,996,networkx,0.0069441129999177065,2.797845009309378e-08,1000,5026
1000,12,582,networkx,0.006977839999308344,2.811433917918036e-08,1000,5026
1000,13,659,classic,0.07221228899834387,5.76215128744218e-08,1000,4987
1000,13,427,classic,0.04818421399977524,3.844840463921064e-08,1000,4987
1000,13,136,classic,0.0482226370004355,3.84790641219376e-08,1000,4987
1000,13,527,classic,0.04821437099963077,3.8472468299005025e-08,1000,4987
1000,13,875,classic,0.048729489999459474,3.888350548522646e-08,1000,4987
1000,13,659,minheap,0.018528165999669,4.606336154410637e-08,1000,4987
1000,13,427,minheap,0.012265095998372999,3.049257823771229e-08,1000,4987
1000,13,136,minheap,0.010932477000096696,2.7179519043443266e-08,1000,4987
1000,13,527,minheap,0.010114005001014448,2.5144694247069644e-08,1000,4987
1000,13,875,minheap,0.0103909269982978,2.5833157318946644e-08,1000,4987
1000,13,659,networkx,0.00921498400020937,1.7248812527889304e-09,1000,4987
1000,13,427,networkx,0.00626435800040781,1.1725764988215152e-09,1000,4987
1000,13,136,networkx,0.005663303998517222,1.0600698705136112e-09,1000,4987
1000,13,527,networkx,0.005280979999952251,9.885056119537442e-10,1000,4987
1000,13,875,networkx,0.004932641000777949,9.233027413597897e-10,1000,4987
1000,14,73,classic,0.06173684900022636,5.009801431858118e-08,1000,4943
1000,14,483,classic,0.048173213999689324,3.909144058712265e-08,1000,4943
1000,14,223,classic,0.04894406400126172,3.9716967400389566e-08,1000,4943
1000,14,855,classic,0.04844862499885494,3.93149301950818e-08,1000,4943
1000,14,768,classic,0.04805053199925169,3.89918870026089e-08,1000,4943
1000,14,73,minheap,0.012549213999591302,3.671554722077096e-08,1000,4943
1000,14,483,minheap,0.009780734000742086,2.8615736497101837e-08,1000,4943
1000,14,223,minheap,0.009807352000279934,2.869361343975228e-08,1000,4943
1000,14,855,minheap,0.009814136001295992,2.871346156009344e-08,1000,4943
1000,14,768,minheap,0.009885716999633587,2.892288786557038e-08,1000,4943
1000,14,73,networkx,0.009459443999730865,4.4664906238787435e-08,1000,4943
1000,14,483,networkx,0.005829489999086945,2.7525256689143196e-08,1000,4943
1000,14,223,networkx,0.005583119998846087,2.636196496067363e-08,1000,4943
1000,14,855,networkx,0.005104218998894794,2.4100725477560815e-08,1000,4943
1000,14,768,networkx,0.0049376429997209925,2.331419918860114e-08,1000,4943
1000,15,308,classic,0.06019418100004259,4.9305522245651186e-08,1000,5010
1000,15,34,classic,0.0480289939987415,3.934092287158987e-08,1000,5010
1000,15,14,classic,0.047865885999271995,3.920731983949145e-08,1000,5010
1000,15,344,classic,0.04790745500031335,3.924136933184308e-08,1000,5010
1000,15,596,classic,0.04797695500019472,3.929829732277665e-08,1000,5010
1000,15,308,minheap,0.016300923000017065,4.2750592665220666e-08,1000,5010
1000,15,34,minheap,0.012028646999169723,3.154617613828956e-08,1000,5010
1000,15,14,minheap,0.010493067000425071,2.7518983627097154e-08,1000,5010
1000,15,344,minheap,0.009804155000892933,2.5712251807423492e-08,1000,5010
1000,15,596,minheap,0.009811473999434384,2.573144651961019e-08,1000,5010
1000,15,308,networkx,0.009492842000327073,4.2838708019633585e-08,1000,5010
1000,15,34,networkx,0.00629908799965051,2.842613324836846e-08,1000,5010
1000,15,14,networkx,0.005974835999950301,2.6962868955181974e-08,1000,5010
1000,15,344,networkx,0.005522565999854123,2.492189297775685e-08,1000,5010
1000,15,596,networkx,0.005152447000000393,2.325164293391261e-08,1000,5010
5000,1,484,classic,1.2154154469990317,,4999,25078
5000,1,1689,classic,1.217570811000769,,4999,25078
5000,1,3225,classic,1.2531471920010517,,4999,25078
5000,1,841,classic,1.2563019290009834,,4999,25078
5000,1,4567,classic,1.2649535910004488,,4999,25078
5000,1,484,minheap,0.07893518600030802,5.507451966844587e-08,4999,25078
5000,1,1689,minheap,0.061673408999922685,4.303066286526637e-08,4999,25078
5000,1,3225,minheap,0.06171435000032943,4.305922814833466e-08,4999,25078
5000,1,841,minheap,0.060982396000326844,4.254853048595907e-08,4999,25078
5000,1,4567,minheap,0.06110906900175905,4.2636912550566e-08,4999,25078
5000,1,484,networkx,0.05376581299969985,5.974737561776301e-08,4999,25078
5000,1,1689,networkx,0.028489058000559453,3.1658527126989877e-08,4999,25078
5000,1,3225,networkx,0.027930517999266158,3.103784834631185e-08,4999,25078
5000,1,841,networkx,0.026816064999366063,2.979941004735512e-08,4999,25078
5000,1,4567,networkx,0.027211802998863277,3.02391747525278e-08,4999,25078
5000,2,4597,classic,1.213132675999077,,5000,25025
5000,2,209,classic,1.2264555099991412,,5000,25025
5000,2,4648,classic,1.258596891999332,,5000,25025
5000,2,1191,classic,1.26902274099848,,5000,25025
5000,2,569,classic,1.2997519559994544,,5000,25025
5000,2,4597,minheap,0.07584862300063833,5.229354812122256e-08,5000,25025
5000,2,209,minheap,0.06522512499941513,4.4969217342824625e-08,5000,25025
5000,2,4648,minheap,0.06947978100106411,4.790257393599055e-08,5000,25025
5000,2,1191,minheap,0.060290381999948295,4.1566977324488184e-08,5000,25025
5000,2,569,minheap,0.06005560400080867,4.140511051517631e-08,5000,25025
5000,2,4597,networkx,0.042335564001405146,5.0649969658032627e-08,5000,25025
5000,2,209,networkx,0.02869854900018254,3.433474126010375e-08,5000,25025
5000,2,4648,networkx,0.02621170199927292,3.135949507852315e-08,5000,25025
5000,2,1191,networkx,0.0257347930000833,3.078892452139545e-08,5000,25025
5000,2,569,networkx,0.026356658001532196,3.1532919415469236e-08,5000,25025
5000,3,547,classic,1.2136153520004882,,5000,25064
5000,3,1133,classic,1.2209061489993474,,5000,25064
5000,3,3411,classic,1.2506162830013636,,5000,25064
5000,3,1309,classic,1.253165717000229,,5000,25064
5000,3,3817,classic,1.306184976001532,,5000,25064
5000,3,547,minheap,0.07719747800001642,5.378796971746775e-08,5000,25064
5000,3,1133,minheap,0.06166986300013377,4.2968977866490335e-08,5000,25064
5000,3,3411,minheap,0.06149485999958415,4.2847043104657475e-08,5000,25064
5000,3,1309,minheap,0.062493862000337685,4.354310586158082e-08,5000,25064
5000,3,3817,minheap,0.06194757900084369,4.3162478745317465e-08,5000,25064
5000,3,547,networkx,0.04598220399930142,5.34019318497512e-08,5000,25064
5000,3,1133,networkx,0.028316435000306228,3.288559922306543e-08,5000,25064
5000,3,3411,networkx,0.0264519560005283,3.07202662937664e-08,5000,25064
5000,3,1309,networkx,0.027681518000463257,3.2148231471915925e-08,5000,25064
5000,3,3817,networkx,0.02644847400006256,3.0716222434720946e-08,5000,25064
5000,4,4622,classic,1.2111797809993732,,5000,24866
5000,4,1390,classic,1.223840640999697,,5000,24866
5000,4,2032,classic,1.26359492300071,,5000,24866
5000,4,936,classic,1.2968435420007154,,5000,24866
5000,4,4202,classic,1.3243090760006453,,5000,24866
5000,4,4622,minheap,0.0857075009989785,5.899334355554339e-08,5000,24866
5000,4,1390,minheap,0.062268178999147494,4.2859820126111966e-08,5000,24866
5000,4,2032,minheap,0.06139383300069312,4.225799889375742e-08,5000,24866
5000,4,936,minheap,0.06099236100089911,4.198166163814124e-08,5000,24866
5000,4,4202,minheap,0.061394043999825954,4.225814412660389e-08,5000,24866
5000,4,4622,networkx,0.05058943099902535,5.722252623883121e-08,5000,24866
5000,4,1390,networkx,0.028394292001394206,3.2117244392689815e-08,5000,24866
5000,4,2032,networkx,0.02665169200008677,3.014616125675727e-08,5000,24866
5000,4,936,networkx,0.027173639999091392,3.073654510726792e-08,5000,24866
5000,4,4202,networkx,0.02758877099950041,3.1206106517514164e-08,5000,24866
5000,5,687,classic,1.2186232349995407,,5000,24964
5000,5,4610,classic,1.2198321680007211,,5000,24964
5000,5,1804,classic,1.2491157200001908,,5000,24964
5000,5,458,classic,1.2854223169997567,,5000,24964
5000,5,1455,classic,1.3380268040000374,,5000,24964
5000,5,687,minheap,0.08082774300055462,5.599302364967865e-08,5000,24964
5000,5,4610,minheap,0.061762233999616,4.2785485535254355e-08,5000,24964
5000,5,1804,minheap,0.061669058000916266,4.272093831786216e-08,5000,24964
5000,5,458,minheap,0.061740803999782656,4.277064000768007e-08,5000,24964
5000,5,1455,minheap,0.06144593399949372,4.256637025713606e-08,5000,24964
5000,5,687,networkx,0.04419564700037881,4.89167796912755e-08,5000,24964
5000,5,4610,networkx,0.028512666998722125,3.155848923255353e-08,5000,24964
5000,5,1804,networkx,0.02968031100135704,3.285086502771367e-08,5000,24964
5000,5,458,networkx,0.03523435100032657,3.8998206892033375e-08,5000,24964
5000,5,1455,networkx,0.027402576999520534,3.0329815559601824e-08,5000,24964
5000,6,924,classic,1.213354965999315,,5000,25062
5000,6,1294,classic,1.2234839730008389,,5000,25062
5000,6,3843,classic,1.2645410529985384,,5000,25062
5000,6,2708,classic,1.2790949939990242,,5000,25062
5000,6,139,classic,1.300258147999557,,5000,25062
5000,6,924,minheap,0.07879469900035474,5.48191885527481e-08,5000,25062
5000,6,1294,minheap,0.06131920600091689,4.2661107388124325e-08,5000,25062
5000,6,3843,minheap,0.061191325999971014,4.25721384857373e-08,5000,25062
5000,6,2708,minheap,0.06171777899908193,4.2938403305434e-08,5000,25062
5000,6,139,minheap,0.06268090499906975,4.3608471044294824e-08,5000,25062
5000,6,924,networkx,0.04540113800067047,5.335905052356861e-08,5000,25062
5000,6,1294,networkx,0.02886408000085794,3.392337661358533e-08,5000,25062
5000,6,3843,networkx,0.026513627999520395,3.116093733087967e-08,5000,25062
5000,6,2708,networkx,0.0266838169991388,3.13609570623027e-08,5000,25062
5000,6,139,networkx,0.026680429000407457,3.135697521507507e-08,5000,25062
5000,7,1128,classic,1.2150970830007282,,4999,25002
5000,7,4947,classic,1.2175971269989532,,4999,25002
5000,7,972,classic,1.2620956860009755,,4999,25002
5000,7,3484,classic,1.2831021580004744,,4999,25002
5000,7,3717,classic,1.298195642999417,,4999,25002
5000,7,1128,minheap,0.11075060700022732,7.231314424138313e-08,4999,25002
5000,7,4947,minheap,0.06292759500138345,4.108774098266606e-08,4999,25002
5000,7,972,minheap,0.0653592260005098,4.2675442286924204e-08,4999,25002
5000,7,3484,minheap,0.062225866999142454,4.0629556963465446e-08,4999,25002
5000,7,3717,minheap,0.060930161000214866,3.978354286627243e-08,4999,25002
5000,7,1128,networkx,0.04376148099981947,2.037081127401251e-09,4999,25002
5000,7,4947,networkx,0.02862536700013152,1.3325004901260776e-09,4999,25002
5000,7,972,networkx,0.025752547999218223,1.1987718037220608e-09,4999,25002
5000,7,3484,networkx,0.026584419001665083,1.2374950982907216e-09,4999,25002
5000,7,3717,networkx,0.03016274600122415,1.4040649270975252e-09,4999,25002
5000,8,155,classic,1.2656940639990353,,5000,25046
5000,8,1582,classic,1.2208820650012058,,5000,25046
5000,8,1868,classic,1.2439964539989887,,5000,25046
5000,8,4706,classic,1.2485209860005853,,5000,25046
5000,8,2466,classic,1.262345084000117,,5000,25046
5000,8,155,minheap,0.07623703800163639,5.2891849732766875e-08,5000,25046
5000,8,1582,minheap,0.062280541998916306,4.320909042414857e-08,5000,25046
5000,8,1868,minheap,0.06240663199969276,4.329656933923614e-08,5000,25046
5000,8,4706,minheap,0.06311590199948114,4.378864777292294e-08,5000,25046
5000,8,2466,minheap,0.06279549300052167,4.356635392376229e-08,5000,25046
5000,8,155,networkx,0.04472045900001831,5.2355967189287566e-08,5000,25046
5000,8,1582,networkx,0.027834208000058425,3.25865814747176e-08,5000,25046
5000,8,1868,networkx,0.026822341000297456,3.140194972844266e-08,5000,25046
5000,8,4706,networkx,0.026911658000244643,3.150651658717456e-08,5000,25046
5000,8,2466,networkx,0.027100492001409293,3.172759183976073e-08,5000,25046
5000,9,3638,classic,1.2135457890017278,,5000,24779
5000,9,3750,classic,1.2209656659997563,,5000,24779
5000,9,2336,classic,1.2600632720004796,,5000,24779
5000,9,947,classic,1.2755933389998972,,5000,24779
5000,9,764,classic,1.3205821079991438,,5000,24779
5000,9,3638,minheap,0.07451851599944348,5.186999955879598e-08,5000,24779
5000,9,3750,minheap,0.0652560149992496,4.5422663398787205e-08,5000,24779
5000,9,2336,minheap,0.06243440399885003,4.3458628562842375e-08,5000,24779
5000,9,947,minheap,0.061612044999492355,4.288621028046309e-08,5000,24779
5000,9,764,minheap,0.06169030099954398,4.294068182533633e-08,5000,24779
5000,9,3638,networkx,0.04354085699924326,5.137580217055945e-08,5000,24779
5000,9,3750,networkx,0.02776942100172164,3.276638031723228e-08,5000,24779
5000,9,2336,networkx,0.026506652999159996,3.1276383942378034e-08,5000,24779
5000,9,947,networkx,0.02721567500157107,3.211299067547652e-08,5000,24779
5000,9,764,networkx,0.026558601999568054,3.133768088855365e-08,5000,24779
5000,10,2746,classic,1.2131102230014221,,5000,25013
5000,10,4818,classic,1.2197840009994252,,5000,25013
5000,10,2503,classic,1.2730869900005928,,5000,25013
5000,10,3940,classic,1.2968615800000407,,5000,25013
5000,10,1691,classic,1.3769898629998352,,5000,25013
5000,10,2746,minheap,0.0788986309999018,5.407266041957469e-08,5000,25013
5000,10,4818,minheap,0.06190403499931563,4.242552526828541e-08,5000,25013
5000,10,2503,minheap,0.0690216490002058,4.730353544400346e-08,5000,25013
5000,10,3940,minheap,0.06250991399974737,4.284076047617815e-08,5000,25013
5000,10,1691,minheap,0.06199911099974997,4.249068498297734e-08,5000,25013
5000,10,2746,networkx,0.035358792998522404,4.349299950494902e-08,5000,25013
5000,10,4818,networkx,0.027097464000689797,3.3331171355782e-08,5000,25013
5000,10,2503,networkx,0.02702111899998272,3.3237263368648594e-08,5000,25013
5000,10,3940,networkx,0.027193156000066665,3.344887707276447e-08,5000,25013
5000,10,1691,networkx,0.027160146999449353,3.3408274429807525e-08,5000,25013
5000,11,3414,classic,1.221032034000018,,5000,24925
5000,11,13,classic,1.2138891519989556,,5000,24925
5000,11,3584,classic,1.2537817190004716,,5000,24925
5000,11,3797,classic,1.256753794999895,,5000,24925
5000,11,2281,classic,1.2607071500005986,,5000,24925
5000,11,3414,minheap,0.0438171620007779,1.721034136655395e-09,5000,24925
5000,11,13,minheap,0.03891536199989787,1.528503065555395e-09,5000,24925
5000,11,3584,minheap,0.03807506500015734,1.4954981935954796e-09,5000,24925
5000,11,3797,minheap,0.037920225000561913,1.489416445877115e-09,5000,24925
5000,11,2281,minheap,0.03529282400086231,1.386218369947751e-09,5000,24925
5000,11,3414,networkx,0.024564830000599613,1.8037876708266804e-09,5000,24925
5000,11,13,networkx,0.016119898999022553,1.1836790675408084e-09,5000,24925
5000,11,3584,networkx,0.01520182000058412,1.1162648180553559e-09,5000,24925
5000,11,3797,networkx,0.015508372000113013,1.1387748340906383e-09,5000,24925
5000,11,2281,networkx,0.01645108799857553,1.2079981706688374e-09,5000,24925
5000,12,1925,classic,0.6331554739990679,,5000,24965
5000,12,4338,classic,0.6287752940006612,,5000,24965
5000,12,3463,classic,0.6305875649995869,,5000,24965
5000,12,361,classic,0.6417226230005326,,5000,24965
5000,12,4760,classic,0.6479597200013814,,5000,24965
5000,12,1925,minheap,0.037522061000345275,4.147275854083258e-08,5000,24965
5000,12,4338,minheap,0.031731151000713,3.5072123667811285e-08,5000,24965
5000,12,3463,minheap,0.030449973999566282,3.365605154916789e-08,5000,24965
5000,12,361,minheap,0.03251741500025673,3.594117339837184e-08,5000,24965
5000,12,4760,minheap,0.03260765699997137,3.6040916977605734e-08,5000,24965
5000,12,1925,networkx,0.023071034000167856,4.480897307021364e-08,5000,24965
5000,12,4338,networkx,0.015589631999318954,3.027846087986093e-08,5000,24965
5000,12,3463,networkx,0.015005453999037854,2.9143859965024753e-08,5000,24965
5000,12,361,networkx,0.013618971999676432,2.645100993622804e-08,5000,24965
5000,12,4760,networkx,0.014936666000721743,2.901025868975993e-08,5000,24965
5000,13,646,classic,0.6457989020000241,,5000,24995
5000,13,1047,classic,0.6497153520012944,,5000,24995
5000,13,4818,classic,0.641441613999632,,5000,24995
5000,13,585,classic,0.6680435510006646,,5000,24995
5000,13,865,classic,0.6691046350006218,,5000,24995
5000,13,646,minheap,0.035807853999358485,4.0672019417587837e-08,5000,24995
5000,13,1047,minheap,0.030267300999184954,3.437883359273306e-08,5000,24995
5000,13,4818,minheap,0.03098058400064474,3.51890094856008e-08,5000,24995
5000,13,585,minheap,0.031028568000692758,3.524351166776791e-08,5000,24995
5000,13,865,minheap,0.03125359200021194,3.549910309410782e-08,5000,24995
5000,13,646,networkx,0.018734769999355194,4.2254111656094854e-08,5000,24995
5000,13,1047,networkx,0.012250383000719012,2.7629325108347905e-08,5000,24995
5000,13,4818,networkx,0.012414263001119252,2.799893753675513e-08,5000,24995
5000,13,585,networkx,0.012628137001229334,2.848130566197354e-08,5000,24995
5000,13,865,networkx,0.013297933001013007,2.999195324198862e-08,5000,24995
5000,14,4145,classic,0.6385810499996296,,4999,24852
5000,14,1443,classic,0.640817777999473,,4999,24852
5000,14,1253,classic,0.645829249999224,,4999,24852
5000,14,4773,classic,0.6536754600001586,,4999,24852
5000,14,2605,classic,0.653483256999607,,4999,24852
5000,14,4145,minheap,0.03855640000074345,4.199806370549441e-08,4999,24852
5000,14,1443,minheap,0.03339394700014964,3.637479415773116e-08,4999,24852
5000,14,1253,minheap,0.032730033999541774,3.565161822600783e-08,4999,24852
5000,14,4773,minheap,0.031841243000599206,3.4683490989187474e-08,4999,24852
5000,14,2605,minheap,0.031834543000513804,3.4676192926339074e-08,4999,24852
5000,14,4145,networkx,0.017312481999397278,3.902125808176377e-08,4999,24852
5000,14,1443,networkx,0.012406322999595432,2.796308072001397e-08,4999,24852
5000,14,1253,networkx,0.01244934500027739,2.8060049634804058e-08,4999,24852
5000,14,4773,networkx,0.013205376999394502,2.976409875708749e-08,4999,24852
5000,14,2605,networkx,0.013902038999731303,3.1334331593248507e-08,4999,24852
5000,15,858,classic,0.6520708999996714,,4999,25172
5000,15,4041,classic,0.6748751350005477,,4999,25172
5000,15,53,classic,0.6772796700006438,,4999,25172
5000,15,149,classic,0.678047756999149,,4999,25172
5000,15,2707,classic,0.6805151520002255,,4999,25172
5000,15,858,minheap,0.03570318299898645,3.7810634126793205e-08,4999,25172
5000,15,4041,minheap,0.035252866000519134,3.7333736275119687e-08,4999,25172
5000,15,53,minheap,0.03429509699890332,3.6319433060218436e-08,4999,25172
5000,15,149,minheap,0.0350823010012391,3.715310333875664e-08,4999,25172
5000,15,2707,minheap,0.03459341699999641,3.663536199054253e-08,4999,25172
5000,15,858,networkx,0.01854298600119364,3.955458270975499e-08,4999,25172
5000,15,4041,networkx,0.012374006999380072,2.639535419357808e-08,4999,25172
5000,15,53,networkx,0.012980196001080913,2.7688433582408785e-08,4999,25172
5000,15,149,networkx,0.013375817999985884,2.853234637382641e-08,4999,25172
5000,15,2707,networkx,0.016583570000875625,3.5374895455371735e-08,4999,25172
